LineNum,W=a,W=all,W=am,W=and,W=are,W=as,W=at,W=be,W=but,W=can,W=do,W=for,W=had,W=have,W=he,W=here,W=i,W=if,W=in,W=is,W=it,W=know,W=little,W=me,W=must,W=my,W=no,W=not,W=now,W=of,W=on,W=one,W=so,W=that,W=the,W=then,W=there,W=think,W=this,W=to,W=was,W=well,W=what,W=will,W=with,W=yes,W=you,W=your,distribution_nora,distribution_helmer,distribution_mrslinde,distribution_krogstad,distribution_rank,character_name
1,0,0,0,0,0,0,0,0,0,0,0,0,0,0,0,0,0,0,0,0,1,0,0,0,0,0,0,0,0,0,0,0,0,0,0,0,0,0,0,0,0,0,0,0,0,1,0,0,0.249203,0.138019,0.105373,0.087273,0.420133,nora
2,2,0,1,1,0,0,1,1,1,0,1,0,1,2,1,0,4,0,2,2,1,1,1,0,2,1,0,0,1,0,0,4,1,4,1,0,1,0,0,1,0,1,0,1,0,0,3,1,0.706423,0.001589,0.010937,0.28105,0,nora
3,0,0,0,0,0,1,0,1,0,0,0,0,0,0,0,0,0,0,0,0,0,0,0,0,0,0,0,0,0,0,0,0,1,0,1,1,0,0,0,1,0,0,0,0,0,0,0,0,0.107924,0.28254,0.17765,0.226857,0.205029,nora
4,0,0,0,0,0,0,0,0,0,0,0,0,0,0,0,0,1,0,0,0,1,0,0,0,0,0,0,0,0,0,0,0,0,0,0,0,0,0,0,0,0,1,0,0,0,0,0,0,0.160515,0.207374,0.098798,0.156668,0.376646,nora
5,0,0,0,0,0,0,0,0,0,0,0,0,0,0,0,0,0,0,0,0,0,0,0,0,0,0,0,0,0,0,0,0,0,0,0,0,0,0,0,0,0,0,0,0,0,0,1,0,0.178509,0.205843,0.22344,0.148079,0.244129,nora
6,0,1,0,1,0,0,1,1,0,0,0,0,1,1,1,0,1,0,2,1,1,0,0,0,0,0,0,0,0,0,0,0,0,2,2,0,0,0,0,2,1,0,0,1,0,0,0,0,0.664962,0.000208,0.000437,0.250975,0.083418,nora
7,1,0,0,1,0,0,0,0,0,0,0,0,0,1,0,0,2,0,0,2,1,0,0,2,1,0,2,0,0,1,0,0,0,1,0,0,0,0,1,1,0,0,1,0,0,0,4,0,0.549339,0.181331,0.212317,0.057013,0,nora
8,0,0,0,1,0,0,0,1,0,0,0,2,2,1,1,0,3,1,1,0,2,0,0,0,0,1,0,0,0,0,0,0,2,1,1,0,0,0,0,2,6,0,1,0,0,0,0,0,0.757121,0,0.117336,0.123211,0.002332,nora
9,0,0,0,0,1,0,0,0,1,0,0,0,0,0,0,0,0,0,0,0,0,0,0,1,0,0,0,0,0,0,0,0,0,0,0,0,0,0,0,0,0,0,0,0,0,1,0,0,0.186028,0.041562,0.496094,0.139151,0.137164,nora
10,0,0,0,0,0,0,0,0,0,0,1,0,0,0,1,0,0,0,0,0,0,0,0,0,0,0,0,0,0,0,0,0,0,1,0,0,0,0,0,0,0,0,0,1,0,0,0,0,0.36529,0.197456,0.070968,0.219448,0.146837,nora
11,0,0,0,3,0,0,0,0,0,0,0,0,0,1,0,0,0,0,0,0,0,1,0,0,0,0,0,0,1,1,0,1,0,0,0,1,0,0,0,0,0,0,0,0,0,0,2,0,0.744952,0.005069,0.06885,0.002249,0.178881,nora
12,0,1,0,0,0,0,0,1,0,0,0,0,0,0,0,0,0,0,0,0,2,0,0,0,1,0,0,0,0,0,0,0,0,2,1,0,0,0,0,0,0,0,0,0,0,0,0,0,0.130129,0.705282,0.009439,0.15515,0,nora
13,1,0,0,2,0,0,0,0,1,0,0,1,0,2,0,0,3,0,0,0,1,0,0,0,0,1,1,1,0,1,1,0,0,4,1,0,0,0,0,2,2,0,1,0,0,0,1,1,0.332592,0.076911,0.252147,0.308614,0.029735,nora
14,0,0,0,0,0,0,0,0,0,0,0,0,0,0,0,0,0,0,0,0,0,0,0,0,0,0,0,0,0,1,1,0,0,0,1,0,0,0,0,0,0,0,0,0,0,0,0,0,0.219227,0.294954,0.210452,0.041296,0.234072,nora
15,0,0,0,0,0,0,0,0,1,0,0,0,0,0,0,0,1,0,0,0,0,0,0,0,0,0,0,0,0,0,0,0,0,0,0,0,0,0,0,0,0,0,0,0,0,0,1,1,0.093755,0.089185,0.411476,0.358857,0.046728,nora
16,2,0,0,1,0,0,0,0,2,1,0,0,1,0,0,0,1,0,0,0,5,0,0,0,0,0,1,0,0,1,0,0,0,0,0,0,0,0,0,2,4,0,0,0,0,1,1,0,0.485323,0.000005,0.32047,0.187675,0.006527,nora
17,0,0,0,0,0,0,0,0,1,0,0,0,0,0,0,0,0,0,0,0,0,0,0,0,0,0,0,0,0,0,0,0,0,0,0,0,0,0,0,0,0,0,0,0,0,0,0,0,0.152233,0.1589,0.456631,0.153684,0.078552,nora
18,0,0,0,4,0,0,0,1,0,1,0,0,0,1,0,1,2,0,1,1,0,0,0,0,0,0,1,0,0,0,0,0,3,1,1,0,0,0,0,1,0,1,1,0,0,0,3,0,0.369784,0.290474,0.066843,0.011373,0.261526,nora
19,0,0,0,0,0,0,0,0,0,0,0,1,0,0,0,0,0,0,0,0,0,0,0,0,0,0,0,0,0,0,0,0,0,0,0,0,0,0,0,0,0,0,0,0,0,0,1,1,0.147803,0.131852,0.398703,0.173386,0.148257,nora
20,0,0,1,2,0,0,0,0,0,0,0,0,0,0,0,0,2,0,0,0,0,0,0,0,0,0,0,0,0,0,0,1,1,1,1,0,0,0,0,0,2,0,0,0,0,0,1,0,0.532647,0.000452,0.133178,0.028088,0.305635,nora
21,0,0,0,0,0,0,0,0,0,0,0,1,0,1,0,0,1,0,0,0,0,1,0,0,0,0,0,0,0,0,0,0,0,0,0,0,0,0,0,0,0,1,0,0,0,0,2,0,0.451067,0.019731,0.06465,0.075918,0.388634,nora
22,1,0,0,0,0,0,0,0,0,0,0,0,0,0,0,0,1,0,0,0,0,0,0,0,0,0,0,0,0,0,0,0,0,0,0,0,0,0,0,0,0,0,0,0,0,0,0,0,0.065617,0.109474,0.221514,0.289876,0.313519,nora
23,1,0,0,0,0,0,0,0,0,0,0,0,0,1,0,0,1,0,0,0,0,0,0,0,0,0,0,0,0,0,0,0,0,0,0,0,0,0,0,0,0,0,0,0,0,0,0,0,0.133362,0.110317,0.235376,0.287804,0.233141,nora
24,0,0,0,1,0,0,0,0,1,0,0,0,0,2,0,0,1,0,0,1,1,1,0,2,0,1,0,0,0,1,0,1,0,1,0,0,0,0,0,2,1,0,1,0,0,1,5,0,0.280738,0.00031,0.088425,0.050954,0.579573,nora
25,0,0,0,0,0,0,0,0,0,0,0,0,0,0,0,0,0,0,0,1,1,0,0,0,0,0,0,0,0,0,0,0,0,0,0,0,0,0,0,0,0,0,0,0,0,0,0,0,0.247631,0.171367,0.213386,0.141212,0.226404,nora
26,0,0,0,0,0,0,0,0,0,0,0,0,0,0,0,0,0,0,0,0,0,0,0,0,0,0,0,0,0,1,0,0,0,0,0,0,0,0,0,0,0,0,0,0,0,0,0,0,0.177437,0.223495,0.284667,0.133902,0.180499,nora
27,0,0,0,0,0,0,0,0,0,0,0,0,0,0,0,0,3,1,0,0,0,0,0,0,0,0,0,1,0,0,0,0,0,1,0,0,0,0,0,1,0,0,0,0,0,0,0,0,0.116706,0.003223,0.010487,0.747312,0.122273,nora
28,0,0,2,0,0,1,0,0,0,0,0,1,0,0,0,0,2,0,0,0,0,0,0,0,0,0,1,0,1,0,0,0,0,0,0,0,0,0,0,0,0,0,0,0,0,0,1,0,0.805593,0.048925,0.00984,0.039068,0.096573,nora
29,2,0,0,3,1,0,1,0,0,0,1,2,2,2,0,0,3,0,1,2,2,0,2,2,0,1,2,0,1,0,2,0,0,2,2,0,2,0,0,0,1,1,2,2,1,2,7,0,0.996057,0.003105,0.000184,0.000653,0,nora
30,0,0,0,0,0,0,0,0,0,0,0,0,0,0,0,0,0,0,0,1,0,0,0,0,0,0,0,0,0,0,0,0,0,1,0,0,0,0,0,0,0,0,0,0,0,0,0,0,0.169291,0.152021,0.184229,0.192616,0.301843,nora
31,0,1,0,0,2,0,0,1,1,1,0,1,0,1,0,0,1,0,0,0,1,0,0,1,2,0,0,0,2,0,0,0,1,1,0,0,0,0,0,0,0,0,0,0,1,0,3,0,0.779938,0.011498,0.142735,0.06583,0,nora
32,0,0,2,0,0,0,1,0,0,0,0,1,0,0,0,1,2,0,1,0,0,0,0,1,0,0,0,0,1,0,0,0,0,0,1,0,0,0,0,0,0,0,0,1,0,0,0,0,0.866831,0.002799,0.000173,0.073444,0.056754,nora
33,0,0,0,0,0,0,0,0,0,0,0,0,0,0,0,0,0,0,0,0,0,0,0,0,0,0,0,0,0,0,0,0,0,0,0,0,0,0,0,0,0,0,0,0,0,0,0,0,0.18915,0.163228,0.284429,0.143332,0.21986,nora
34,0,0,0,0,0,0,0,0,0,0,0,0,0,0,0,0,0,0,0,1,1,0,0,0,0,0,0,0,0,0,0,0,0,0,0,0,0,0,0,1,0,0,0,0,0,0,0,1,0.18178,0.126766,0.354531,0.243615,0.093307,nora
35,4,1,3,5,0,4,1,2,0,1,2,3,1,6,2,1,11,0,3,5,3,0,2,5,1,5,4,1,3,4,1,0,1,4,1,1,2,2,1,7,0,0,2,1,0,1,5,0,0.706458,0.292902,0.000554,0.000085,0,nora
36,0,0,0,0,0,0,0,0,0,0,0,0,0,0,0,0,0,0,0,0,0,0,0,0,0,0,0,0,0,0,0,0,0,0,0,0,0,0,0,0,0,0,0,2,0,0,2,0,0.280528,0.090037,0.006622,0.526051,0.096762,nora
37,0,0,0,0,0,0,0,0,0,0,0,0,0,0,0,1,0,0,0,0,0,0,0,0,0,0,0,0,0,0,0,0,0,0,0,0,0,0,0,0,0,0,0,0,0,0,0,0,0.152831,0.135138,0.3494,0.059109,0.303522,nora
38,0,0,0,1,0,0,0,0,0,0,0,0,0,0,0,1,1,0,0,1,0,0,0,0,0,0,0,1,0,0,0,0,0,1,1,0,0,0,0,0,0,0,0,1,0,1,0,0,0.523988,0.173018,0.056792,0.103994,0.142208,nora
39,0,0,0,0,0,0,0,0,0,0,1,0,1,0,0,0,1,0,0,0,0,1,0,0,0,0,0,0,0,0,0,0,0,0,1,0,0,0,1,1,0,0,1,0,1,0,0,0,0.327329,0.002279,0.285714,0.120508,0.264171,nora
40,0,0,0,0,0,0,0,0,0,0,0,0,0,0,0,0,0,0,0,0,0,0,0,0,0,0,1,1,0,0,0,0,0,0,0,0,0,0,0,0,0,0,0,0,0,0,0,0,0.214396,0.388547,0.32642,0.051189,0.019448,nora
41,0,0,0,0,0,1,0,0,0,0,0,1,0,1,0,0,1,0,1,0,1,0,0,0,0,0,0,0,0,0,0,0,2,0,1,0,0,1,0,1,0,0,0,0,0,1,2,0,0.279435,0.1093,0.037895,0.137221,0.436149,nora
42,0,0,0,1,0,0,0,0,0,0,0,0,0,0,1,0,0,0,1,1,0,0,0,0,0,0,0,0,0,0,0,0,0,0,1,0,0,0,0,0,0,0,0,0,0,0,0,0,0.230302,0.126504,0.40947,0.058229,0.175495,nora
43,1,1,0,0,0,0,0,1,0,0,0,1,0,1,0,0,0,0,0,1,2,0,0,0,1,0,0,0,0,0,0,0,0,0,0,0,0,0,0,2,0,0,0,0,0,0,2,0,0.424819,0.285383,0.230617,0.059181,0,nora
44,2,2,2,6,0,3,1,7,1,2,0,1,0,1,1,1,6,0,0,1,6,0,1,0,0,1,1,0,2,4,0,0,0,1,7,0,1,3,0,10,2,0,0,2,1,0,1,0,0.874255,0.125723,0.000008,0.000013,0,nora
45,0,0,0,0,0,0,0,0,0,0,1,0,0,0,0,0,0,0,0,0,0,0,0,0,0,1,0,0,0,0,0,0,0,0,0,0,0,0,0,0,0,0,1,0,0,0,1,0,0.033876,0.607747,0.237812,0.062419,0.058146,nora
46,2,0,0,2,2,0,1,1,1,0,0,0,0,2,0,1,2,0,1,0,1,0,2,0,0,0,1,1,2,1,0,0,0,0,3,0,0,0,1,1,1,0,0,3,0,0,3,2,0.369166,0.614265,0.000114,0.016455,0,nora
47,0,0,0,0,0,0,0,0,0,0,0,0,1,0,0,0,1,0,0,0,0,0,0,0,0,0,0,0,0,0,0,0,0,0,0,0,0,0,0,0,0,0,0,0,0,0,0,0,0.185884,0.003566,0.213086,0.232483,0.36498,nora
48,0,0,0,0,0,0,0,0,0,0,0,0,0,0,0,0,0,0,0,0,0,0,0,0,0,0,0,0,0,0,0,0,0,0,0,0,0,0,0,0,0,0,0,0,0,1,0,0,0.242714,0.095687,0.226207,0.077011,0.35838,nora
49,0,0,0,1,0,0,0,1,1,0,0,0,0,1,0,0,2,0,0,0,0,0,0,0,0,0,0,0,1,1,0,0,1,0,0,0,0,1,1,2,0,0,0,0,0,0,0,0,0.492179,0.024532,0.463767,0.012734,0.006788,nora
50,0,0,0,0,0,0,0,0,0,0,0,0,0,0,0,0,0,0,0,0,0,0,0,1,0,0,0,0,0,0,0,0,0,0,0,0,0,0,0,0,0,0,0,0,0,0,1,0,0.193659,0.073129,0.261839,0.240595,0.230778,nora
51,0,1,1,0,2,0,1,0,0,0,1,0,0,0,0,0,2,0,1,0,0,0,0,1,0,0,0,0,1,0,1,0,0,0,2,0,0,0,0,0,0,0,1,0,0,0,0,0,0.820045,0.024331,0.001751,0.079337,0.074536,nora
52,0,0,0,0,0,0,0,0,0,0,0,0,0,0,0,0,0,0,0,0,0,0,0,0,0,0,0,0,0,0,0,0,0,0,0,0,0,0,0,0,0,0,0,0,0,0,0,0,0.18915,0.163228,0.284429,0.143332,0.21986,nora
53,0,0,0,1,0,1,1,0,0,0,0,0,0,0,0,0,0,0,0,2,0,0,0,0,0,0,0,0,0,0,0,0,1,0,0,0,0,0,0,2,0,0,0,0,0,0,0,0,0.604341,0.143849,0.03361,0.04402,0.174181,nora
54,0,0,1,1,0,1,0,0,0,0,0,1,0,0,1,0,2,0,0,0,2,0,0,1,0,0,1,1,0,0,0,0,1,1,0,0,0,0,0,1,0,0,0,0,0,0,0,0,0.517465,0.197419,0.017643,0.084804,0.182669,nora
55,0,0,0,1,1,0,0,1,0,0,1,1,0,0,0,0,0,1,0,0,0,0,0,0,1,0,0,0,0,1,0,0,0,0,1,0,0,0,1,0,0,2,1,1,0,0,5,0,0.291328,0.683497,0.002819,0.022356,0,nora
56,0,0,1,1,0,2,0,1,0,0,1,2,1,0,0,1,1,0,0,0,0,1,0,0,0,1,0,0,0,1,0,0,0,0,2,0,0,0,0,1,1,0,0,1,0,0,4,0,0.721828,0.004288,0.015974,0.06287,0.19504,nora
57,0,1,0,0,1,0,0,0,0,0,0,0,0,0,0,0,1,0,0,0,0,1,0,1,0,0,0,0,0,0,0,0,0,0,1,0,0,0,0,0,0,1,0,0,1,2,0,1,0.272943,0.003618,0.143048,0.105981,0.47441,nora
58,0,0,0,0,0,0,0,0,0,0,1,0,0,0,0,0,0,0,0,0,0,0,0,0,0,0,0,0,0,0,0,0,0,0,0,0,0,0,0,0,0,0,1,0,0,0,1,0,0.189399,0.338237,0.236798,0.124198,0.111367,nora
59,0,2,0,1,0,0,0,0,0,0,1,0,0,3,0,2,5,0,1,1,1,1,0,2,0,1,0,0,1,0,0,0,0,2,3,0,0,0,0,0,0,0,0,2,1,0,0,0,0.606706,0.000049,0.000449,0.354214,0.038583,nora
60,0,0,0,0,0,0,0,0,0,0,0,0,0,0,0,0,0,0,0,0,0,0,0,0,0,0,0,0,0,0,0,0,0,0,0,0,1,0,0,0,0,0,0,0,0,0,1,0,0.097124,0.220025,0.169427,0.157091,0.356332,nora
61,0,0,1,0,0,0,0,0,0,0,1,0,0,0,0,0,2,0,0,1,0,1,0,0,0,0,0,1,0,0,0,0,0,0,0,0,0,0,0,0,0,0,1,0,0,0,0,0,0.729053,0.024729,0.073789,0.14464,0.027789,nora
62,0,0,2,0,0,0,0,0,1,1,0,0,0,0,0,0,5,1,0,1,0,0,0,0,0,0,1,0,1,0,0,0,0,0,1,0,0,0,0,2,0,0,0,0,0,0,0,0,0.705617,0.000159,0.0037,0.244031,0.046494,nora
63,0,0,0,0,0,0,0,0,1,0,1,1,0,1,0,0,2,0,0,0,2,0,0,2,0,0,0,1,0,0,0,0,1,0,0,0,0,0,0,1,0,0,0,0,0,0,2,0,0.400474,0.018679,0.185944,0.379897,0.015006,nora
64,0,1,0,0,0,0,1,0,1,0,0,0,0,0,0,0,0,0,1,1,1,0,0,1,1,1,0,1,0,0,0,0,0,0,0,0,0,0,0,1,0,0,0,0,0,0,2,0,0.2179,0.593458,0.056152,0.132489,0,nora
65,0,0,0,0,0,0,0,0,0,0,0,0,0,1,0,0,0,0,0,0,0,0,0,0,0,0,0,0,0,1,0,0,0,0,0,0,0,0,0,0,0,1,0,0,0,0,1,0,0.237867,0.401734,0.152532,0.083958,0.123909,nora
66,0,0,0,0,0,1,0,0,0,0,0,0,0,1,0,0,1,0,0,0,0,0,0,0,0,0,0,0,0,0,0,0,0,0,0,0,0,0,0,0,0,0,0,0,0,0,0,0,0.253526,0.123508,0.110635,0.209501,0.302831,nora
67,0,0,0,0,1,0,0,0,0,0,0,0,0,0,0,0,0,0,0,0,1,0,0,0,0,0,0,1,0,0,0,0,0,0,0,0,0,0,0,1,0,0,0,0,0,0,1,0,0.139219,0.529384,0.140488,0.133609,0.057301,nora
68,0,0,0,0,0,0,1,0,1,0,0,0,0,0,0,0,0,0,0,1,1,0,0,0,0,0,0,0,0,0,0,0,0,1,0,0,0,0,1,0,0,0,0,0,0,0,0,0,0.279681,0.510161,0.008367,0.088778,0.113013,nora
69,0,0,0,0,0,0,0,0,0,0,0,1,0,0,0,0,0,0,1,1,1,0,0,0,0,0,1,0,1,0,0,0,0,0,1,0,2,0,0,0,0,0,0,0,0,0,0,0,0.266297,0.123884,0.155852,0.149799,0.304168,nora
70,0,0,0,1,0,0,0,0,0,0,1,0,0,0,0,0,0,0,0,0,0,0,0,0,0,0,0,0,0,1,0,0,0,1,0,0,0,1,0,0,0,0,1,0,0,0,1,0,0.135371,0.700893,0.107918,0.02165,0.034168,nora
71,0,0,0,0,0,0,0,0,0,0,0,0,0,0,2,0,0,0,0,0,0,0,0,0,0,0,0,0,0,0,0,0,0,0,0,0,0,0,0,2,0,0,1,0,0,0,0,0,0.116961,0.071059,0.364922,0.035663,0.411395,nora
72,0,0,0,0,0,0,0,0,0,0,0,0,0,0,0,0,0,0,0,0,0,0,0,0,0,0,0,0,0,0,0,0,0,0,0,0,0,0,0,0,0,0,0,0,0,0,0,0,0.18915,0.163228,0.284429,0.143332,0.21986,nora
73,0,0,0,0,0,0,0,1,0,0,0,0,0,0,0,0,0,0,0,0,0,0,0,0,0,0,0,0,0,0,0,0,0,0,0,0,0,0,0,0,0,0,0,0,0,0,0,0,0.192885,0.177774,0.343085,0.107909,0.178347,nora
74,1,0,0,0,0,0,0,0,0,0,0,0,0,0,0,0,1,0,1,0,0,0,0,0,0,0,0,0,0,0,0,0,0,0,1,0,0,0,0,0,0,0,0,0,0,0,0,0,0.039245,0.092777,0.120573,0.499041,0.248364,nora
75,0,0,0,1,0,0,0,0,0,0,0,0,0,0,0,0,2,0,0,0,0,1,0,0,0,0,0,0,0,1,0,0,0,0,1,0,0,1,1,0,0,0,0,0,0,0,1,0,0.57304,0.072397,0.142318,0.044815,0.167431,nora
76,1,1,0,0,1,0,1,0,0,1,1,1,0,0,0,0,1,0,0,3,2,0,0,1,0,1,0,0,2,3,1,0,1,1,2,0,0,0,0,0,0,0,0,1,0,0,4,0,0.478923,0.175779,0.00038,0.249086,0.095832,nora
77,0,0,0,0,0,0,0,0,1,0,0,0,0,0,0,0,1,0,0,1,0,0,0,0,0,0,0,0,0,0,0,0,0,0,0,0,0,0,0,0,0,0,0,0,0,0,0,0,0.154269,0.048401,0.574142,0.141678,0.081509,nora
78,0,0,1,0,0,0,0,0,0,0,0,0,0,0,0,0,1,0,0,0,0,0,0,0,0,0,0,0,0,1,0,0,0,1,0,0,0,0,0,0,0,0,0,0,0,0,0,0,0.217426,0.222236,0.042372,0.224971,0.292994,nora
79,0,0,0,0,0,0,1,0,0,0,0,0,0,0,0,0,0,0,0,0,0,0,0,1,0,0,0,0,0,0,0,0,0,0,1,0,0,0,0,0,0,0,1,0,0,0,0,0,0.3057,0.168709,0.011064,0.263331,0.251195,nora
80,0,0,0,0,0,0,0,1,0,0,0,0,0,0,0,0,0,0,0,0,0,0,0,0,0,0,0,0,0,0,0,0,0,0,0,1,0,0,0,0,0,0,0,1,0,0,1,0,0.272675,0.164814,0.100636,0.295502,0.166373,nora
81,0,0,1,0,0,0,0,0,0,1,1,1,0,1,1,0,1,0,1,1,1,0,0,1,0,0,0,0,0,2,0,0,1,1,2,0,0,0,1,1,0,0,0,0,0,0,2,1,0.321235,0.167136,0.038215,0.380701,0.092714,nora
82,1,0,0,1,0,0,0,0,0,0,0,0,1,0,0,0,0,0,0,0,0,0,0,0,0,0,0,0,0,0,1,0,1,0,1,1,0,0,0,0,0,0,0,0,0,1,1,0,0.166108,0.014295,0.177918,0.044413,0.597265,nora
83,0,0,0,0,0,0,0,0,0,0,0,0,0,1,0,0,1,0,0,0,0,0,0,0,0,0,0,1,0,0,0,0,0,0,1,0,0,0,0,0,0,0,0,0,0,0,1,0,0.289122,0.298946,0.161247,0.210512,0.040173,nora
84,0,0,0,0,0,0,0,0,0,0,0,0,0,0,0,0,0,1,0,0,0,0,0,1,0,0,0,0,0,0,0,0,0,0,0,0,0,0,0,1,0,0,0,0,0,0,3,0,0.217255,0.008351,0.021169,0.533265,0.21996,nora
85,0,0,0,0,0,0,0,0,1,0,0,0,0,0,0,0,1,0,0,1,2,1,0,0,0,0,0,0,0,0,0,1,0,1,0,0,0,0,1,0,0,0,0,0,0,1,0,0,0.058502,0.00163,0.007624,0.012011,0.920233,nora
86,2,0,0,0,0,0,0,0,0,0,0,1,0,0,0,0,0,0,0,0,0,0,0,1,0,0,0,0,0,0,0,0,0,1,0,0,0,0,0,0,0,0,0,1,0,0,2,0,0.015519,0.052458,0.009475,0.694707,0.22784,nora
87,0,0,0,0,0,0,0,0,0,0,0,1,0,0,0,0,0,1,0,0,0,0,1,0,0,0,0,0,0,0,0,0,0,0,0,0,0,0,0,1,0,0,0,0,0,0,1,1,0.403189,0.158568,0.212366,0.225877,0,nora
88,0,0,0,0,0,0,0,0,0,0,0,0,0,0,0,0,0,0,0,0,0,0,0,0,0,0,2,0,0,0,0,0,0,0,1,0,0,0,0,0,0,0,0,0,0,0,0,0,0.26354,0.367389,0.297688,0.028379,0.043003,nora
89,0,0,0,0,0,0,0,0,0,0,0,0,0,0,0,0,0,0,0,0,1,0,0,0,0,0,0,0,0,0,0,0,0,0,0,0,0,0,0,0,1,0,0,0,0,0,0,0,0.374512,0.026542,0.311168,0.172085,0.115693,nora
90,0,0,0,0,0,0,0,0,0,0,0,0,0,0,0,0,0,0,0,0,0,0,0,0,0,0,0,0,0,0,0,0,0,0,0,0,0,0,0,0,0,0,0,0,0,0,0,0,0.18915,0.163228,0.284429,0.143332,0.21986,nora
91,0,0,0,0,0,0,0,0,0,0,0,0,0,0,0,0,1,0,0,0,0,1,0,0,0,0,0,0,0,0,0,0,0,0,0,0,0,0,0,2,0,0,0,0,0,0,0,0,0.312089,0.007722,0.17859,0.154353,0.347246,nora
92,0,0,0,0,0,0,0,0,0,0,1,0,0,0,0,0,1,0,0,0,0,0,0,0,0,0,0,0,0,0,0,0,0,0,0,0,0,0,0,0,0,0,0,0,0,0,0,0,0.244054,0.100972,0.432652,0.114936,0.107386,nora
93,0,1,0,0,1,0,0,0,0,0,0,0,0,0,0,0,0,0,0,0,0,0,0,0,0,0,0,0,0,0,0,0,0,0,0,0,0,0,0,0,0,0,1,0,0,0,0,0,0.154046,0.207323,0.154851,0.180905,0.302875,nora
94,0,0,0,0,0,0,0,0,0,0,0,0,0,0,0,0,0,0,0,0,0,0,0,0,0,0,0,0,0,1,0,0,0,0,1,0,0,0,0,0,0,0,0,0,1,0,0,1,0.065808,0.211961,0.50537,0.152388,0.064472,nora
95,0,1,0,2,0,0,0,1,0,0,2,0,0,0,0,0,0,1,0,0,0,0,0,0,0,0,0,0,0,0,0,0,0,0,0,0,0,0,0,0,0,0,1,0,0,0,1,1,0.772551,0.073907,0.082854,0.0636,0.007088,nora
96,0,0,0,0,0,0,0,0,0,0,0,0,0,1,0,0,0,0,2,0,0,0,0,0,0,0,1,0,0,0,0,0,0,1,1,0,1,0,0,0,0,0,0,0,0,0,0,0,0.118608,0.223133,0.071972,0.36548,0.220807,nora
97,0,0,0,0,0,0,0,0,0,0,0,0,0,0,0,0,0,0,0,0,0,0,0,0,0,0,0,0,0,0,0,0,0,0,1,0,0,0,0,0,0,0,0,0,0,0,0,0,0.173575,0.243963,0.21405,0.180765,0.187647,nora
98,0,0,0,1,0,0,0,0,0,0,0,0,0,2,0,0,1,0,0,1,1,0,0,1,0,0,0,0,0,0,0,0,0,1,0,1,0,0,0,0,0,0,0,0,0,0,2,0,0.544852,0.053242,0.073773,0.152213,0.175919,nora
99,0,0,0,0,0,0,0,0,0,1,0,0,0,0,0,0,1,0,0,0,0,0,0,0,0,0,1,0,0,1,0,0,0,0,0,0,0,1,0,0,0,0,0,0,0,0,0,0,0.232054,0.153974,0.41817,0.042494,0.153309,nora
1,0,0,0,0,0,0,0,0,0,1,0,0,0,0,0,0,0,0,0,0,0,0,0,0,0,0,0,0,0,0,0,0,0,0,1,1,0,0,0,0,0,1,0,0,0,0,0,0,0.086237,0.231436,0.15267,0.155503,0.374154,helmer
2,0,0,0,2,0,1,0,2,1,0,0,1,0,0,0,0,0,0,1,2,2,0,0,0,0,0,0,0,0,1,0,0,0,0,1,0,1,0,0,0,0,0,1,0,0,0,1,1,0.071118,0.761902,0.075974,0.05441,0.036596,helmer
3,0,1,0,0,0,0,0,0,0,0,0,0,0,0,0,0,0,0,0,1,0,0,0,0,0,0,0,0,0,1,0,0,0,0,1,0,0,0,0,0,0,0,0,0,0,0,0,0,0.262602,0.197079,0.263955,0.143515,0.132848,helmer
4,1,0,0,0,0,0,0,0,0,0,0,0,0,0,0,0,0,0,0,0,0,0,0,0,0,0,0,0,1,1,0,0,0,1,0,0,0,0,0,0,0,0,0,0,0,0,0,0,0.114022,0.198634,0.079848,0.426045,0.18145,helmer
5,0,0,0,0,0,0,0,0,0,0,0,0,0,1,0,0,0,0,0,0,0,0,0,0,0,0,0,0,0,0,0,0,0,1,1,0,0,0,0,1,0,0,0,0,0,0,1,0,0.205196,0.271006,0.079808,0.22785,0.216141,helmer
6,1,0,0,0,0,0,0,0,0,0,0,0,0,0,0,0,0,0,1,0,0,0,0,0,0,0,0,0,0,1,0,0,0,0,2,0,0,0,0,0,0,0,0,0,0,0,3,0,0.019685,0.501282,0.031069,0.336845,0.111119,helmer
7,0,0,0,0,0,0,0,0,1,0,0,0,0,0,0,0,0,0,0,0,0,0,0,0,0,0,0,0,0,0,0,0,0,0,0,0,0,0,0,1,0,0,0,1,0,0,1,0,0.270699,0.134069,0.128674,0.389213,0.077345,helmer
8,0,0,0,0,0,0,0,0,0,0,1,0,0,0,0,0,0,0,0,0,0,0,0,0,0,0,0,0,0,0,0,0,0,0,0,0,0,0,0,0,0,0,1,0,0,0,1,0,0.189399,0.338237,0.236798,0.124198,0.111367,helmer
9,0,1,2,5,2,0,0,1,1,0,0,3,0,2,0,0,7,0,0,0,1,0,1,0,0,3,1,0,0,1,2,0,1,3,6,1,0,0,1,1,2,0,0,0,2,0,5,2,0.041142,0.754475,0.204302,0.00008,0,helmer
10,0,0,0,0,0,0,0,0,0,0,0,0,0,0,0,0,0,0,0,0,0,0,0,0,0,0,0,1,0,0,0,0,0,0,0,0,0,0,0,0,0,0,0,0,0,0,0,0,0.185649,0.33783,0.295331,0.137844,0.043346,helmer
11,2,0,0,1,0,0,0,0,0,0,0,0,0,0,0,0,0,0,1,1,0,0,0,0,0,0,0,0,0,4,0,0,0,0,3,0,0,0,0,0,0,0,0,0,0,0,0,0,0.00745,0.803295,0.048298,0.124227,0.016729,helmer
12,1,0,0,2,0,3,0,1,0,0,0,0,0,0,0,0,2,0,0,2,1,0,1,1,0,2,0,1,0,0,0,0,1,0,0,0,1,0,0,1,1,0,0,1,0,0,0,2,0.004711,0.658547,0.10932,0.227422,0,helmer
13,1,0,0,0,1,0,2,0,0,0,0,0,0,1,0,0,1,0,0,1,1,0,0,0,1,0,0,0,0,2,1,0,0,2,2,1,2,0,0,0,0,0,2,0,0,0,1,0,0.012085,0.967597,0.000007,0.020312,0,helmer
14,0,0,0,1,1,0,0,0,0,0,0,0,0,1,0,1,0,0,0,0,0,0,0,0,0,0,0,1,0,0,0,0,0,0,0,0,0,0,0,0,0,0,0,0,0,0,2,0,0.225657,0.507198,0.216338,0.018699,0.032108,helmer
15,1,0,0,0,0,0,0,0,0,0,0,0,0,0,0,0,1,0,0,0,0,0,0,0,0,1,0,0,0,2,0,0,0,0,0,0,0,0,0,0,0,0,0,0,0,0,0,0,0.012304,0.439326,0.265466,0.15147,0.131434,helmer
16,0,0,0,0,0,0,0,1,0,0,0,1,0,0,0,0,1,0,0,0,1,0,0,0,0,0,0,0,0,0,0,0,0,0,0,0,0,0,0,1,0,1,0,0,0,0,1,0,0.163038,0.139694,0.150516,0.063434,0.483317,helmer
17,0,0,0,0,0,0,0,0,0,0,1,0,0,0,0,0,0,0,0,0,0,0,0,0,0,0,0,0,0,0,0,0,0,0,0,0,0,0,0,0,0,0,1,0,0,0,1,0,0.189399,0.338237,0.236798,0.124198,0.111367,helmer
18,0,2,0,0,0,0,2,0,0,0,0,0,0,0,0,0,1,0,0,1,0,0,0,0,0,2,0,0,0,0,0,0,0,1,1,0,0,0,0,0,0,0,0,0,0,0,0,0,0.046965,0.744935,0.000506,0.048939,0.158655,helmer
19,0,0,0,0,0,0,0,0,1,0,0,0,0,0,0,0,0,0,0,0,0,0,0,0,0,0,0,0,0,0,0,0,0,0,0,0,0,0,0,0,0,0,0,0,0,0,0,0,0.152233,0.1589,0.456631,0.153684,0.078552,helmer
20,0,0,0,0,0,0,0,0,0,0,0,0,0,1,2,0,0,0,1,0,0,0,0,0,1,0,0,0,0,0,1,0,0,0,1,0,0,0,0,0,0,0,0,0,0,0,0,0,0.445969,0.104157,0.441396,0.008478,0,helmer
21,1,0,0,3,0,0,0,0,0,0,0,0,0,0,0,0,0,0,0,1,1,0,0,0,0,0,0,0,0,0,0,0,0,1,0,0,0,0,0,0,0,0,0,0,1,0,1,2,0.05249,0.569427,0.288077,0.057727,0.032279,helmer
22,0,0,0,1,0,0,0,0,0,0,0,0,0,0,0,0,0,0,1,1,0,0,0,0,0,0,0,0,0,0,0,0,0,0,0,0,0,0,1,0,0,0,1,0,0,0,0,0,0.209711,0.246716,0.282036,0.070977,0.19056,helmer
23,0,0,0,0,1,0,0,0,1,0,0,0,0,0,0,0,0,0,0,0,0,0,0,0,0,1,0,0,0,1,0,0,0,0,0,0,0,0,0,0,0,0,0,0,0,0,2,0,0.015875,0.620733,0.26249,0.063503,0.037399,helmer
24,1,0,0,0,0,0,0,0,0,0,0,0,0,0,0,0,0,0,0,0,0,0,0,0,0,0,0,0,0,0,0,0,0,1,0,0,0,0,0,0,0,0,0,0,0,0,0,0,0.043114,0.249021,0.084894,0.314367,0.308603,helmer
25,1,0,0,0,1,0,1,0,0,0,1,1,0,0,0,0,1,0,0,1,0,1,0,0,0,0,0,0,0,0,0,0,0,0,0,0,1,1,0,0,0,0,1,0,0,0,2,0,0.356726,0.114506,0.023481,0.087279,0.418008,helmer
26,0,0,0,0,0,0,0,0,0,0,1,0,0,0,1,0,0,0,0,0,1,1,0,0,0,0,0,0,0,0,0,0,0,0,0,0,0,0,0,1,0,0,1,0,0,0,2,0,0.4417,0.085693,0.079739,0.101698,0.29117,helmer
27,0,0,0,0,1,0,0,0,0,0,0,0,0,0,0,0,0,0,0,0,0,0,0,0,0,0,0,0,0,1,0,0,0,1,0,0,0,0,0,0,0,0,0,0,0,0,1,0,0.083362,0.365942,0.084705,0.179192,0.286798,helmer
28,0,0,0,0,0,0,0,0,0,0,0,0,0,0,0,0,0,0,0,0,0,0,0,0,0,0,0,2,0,0,0,0,0,0,0,0,0,0,0,0,0,0,0,0,0,0,0,0,0.137087,0.52604,0.230707,0.099736,0.006429,helmer
29,0,0,0,0,0,0,0,0,0,0,0,0,0,0,0,0,1,0,0,1,2,0,0,0,0,1,0,0,0,1,0,0,0,0,0,0,0,0,1,0,1,0,0,0,0,0,1,0,0.168698,0.167751,0.366076,0.139005,0.15847,helmer
30,0,0,0,0,0,0,1,0,1,0,0,0,0,0,0,0,0,0,0,0,0,0,0,1,0,0,0,0,0,0,0,0,0,0,0,0,0,0,0,0,0,0,0,0,0,0,1,0,0.450046,0.144903,0.039625,0.242406,0.12302,helmer
31,0,0,0,0,0,0,0,0,0,0,0,0,0,0,0,0,0,0,0,0,0,0,0,0,0,0,0,0,0,0,0,0,0,0,0,0,0,0,0,0,0,1,0,0,0,0,0,0,0.161997,0.282923,0.22373,0.107364,0.223986,helmer
32,0,0,0,0,0,0,0,0,0,0,0,0,0,0,0,0,0,0,0,0,0,0,0,0,0,1,0,0,0,0,0,0,0,1,0,0,0,0,0,0,0,1,0,0,0,0,0,0,0.019796,0.63315,0.087957,0.081188,0.177909,helmer
33,1,0,0,0,0,0,0,0,0,0,0,0,0,0,1,0,0,0,0,0,0,0,0,0,0,0,0,1,1,1,0,0,0,1,0,0,0,0,0,1,0,0,1,0,0,0,1,0,0.088151,0.473518,0.071435,0.291961,0.074934,helmer
34,0,0,0,0,0,0,0,0,0,0,0,0,0,0,0,0,0,0,0,0,0,0,0,1,0,0,0,0,0,0,0,0,0,1,0,0,0,0,1,1,0,0,0,0,0,0,2,0,0.136997,0.166263,0.103965,0.216578,0.376196,helmer
35,1,0,0,0,1,0,0,0,0,0,0,0,0,0,0,0,1,0,0,1,1,0,0,0,0,0,0,1,0,0,0,0,0,0,0,0,0,0,0,0,0,1,0,0,0,0,1,0,0.052513,0.573235,0.10911,0.193516,0.071626,helmer
36,2,0,0,2,0,0,0,2,1,1,0,1,0,1,0,0,1,0,0,1,0,1,0,0,0,0,3,0,0,0,3,0,1,4,3,0,2,1,0,0,0,0,1,1,0,0,1,0,0.102643,0.615807,0.001349,0.001593,0.278608,helmer
37,0,0,1,0,1,0,0,0,0,0,1,0,0,0,0,0,1,0,0,0,0,0,0,0,0,0,0,0,0,0,0,0,0,0,0,0,0,1,0,0,0,0,1,0,0,0,2,0,0.28479,0.495567,0.105632,0.052906,0.061105,helmer
38,0,0,0,0,0,0,0,0,1,0,0,0,0,2,0,0,0,0,0,0,0,0,0,0,0,0,0,0,0,0,0,0,0,0,1,0,0,0,0,0,0,0,0,0,0,0,1,0,0.391206,0.218472,0.218956,0.141795,0.029572,helmer
39,0,0,0,1,1,0,0,0,0,0,0,0,0,0,0,0,0,0,0,0,1,0,0,0,1,0,0,0,0,3,0,0,0,1,2,1,0,0,0,1,0,0,0,1,0,0,1,0,0.078394,0.852937,0.008745,0.059923,0,helmer
40,0,0,0,0,0,0,0,0,0,0,1,0,0,0,0,0,1,0,0,0,0,0,0,0,0,0,1,0,0,0,0,0,0,0,0,0,0,0,0,0,0,0,1,0,0,0,1,0,0.267893,0.250887,0.314887,0.075371,0.090962,helmer
41,0,0,0,1,0,0,0,0,0,0,1,0,0,0,1,1,0,0,0,0,1,0,0,1,0,0,0,0,0,3,0,0,0,1,1,0,0,0,0,3,0,0,0,0,0,0,3,1,0.134742,0.527728,0.222098,0.051536,0.063896,helmer
42,2,0,1,1,0,0,0,0,0,0,1,0,1,1,0,2,1,0,0,3,4,0,1,1,2,1,3,0,0,0,0,1,1,2,0,0,0,0,0,1,0,0,0,1,1,1,1,0,0.552086,0.218075,0.22931,0.000529,0,helmer
43,0,0,0,1,2,3,0,0,0,1,0,1,0,1,0,0,0,0,2,2,5,1,1,1,1,0,0,0,0,2,0,1,0,1,1,0,0,0,0,1,0,0,0,0,0,0,7,2,0.032439,0.841373,0.000219,0.125969,0,helmer
44,0,0,0,0,0,0,0,1,1,0,0,0,0,0,0,0,2,0,0,1,3,0,0,0,0,0,1,1,0,0,0,0,0,0,0,0,1,0,0,1,0,0,0,0,0,0,0,0,0.240061,0.376978,0.173031,0.162426,0.047504,helmer
45,1,0,0,0,0,0,0,1,0,1,0,0,0,0,0,0,1,0,0,0,0,0,0,0,0,0,0,0,0,0,0,0,0,0,0,0,0,0,0,1,0,0,0,0,0,0,1,0,0.0409,0.066474,0.162287,0.212544,0.517795,helmer
46,1,1,0,4,0,0,0,0,0,0,0,0,0,0,0,0,1,0,1,0,1,0,1,1,0,1,0,0,1,0,2,0,0,1,2,1,0,0,0,0,0,0,0,0,0,0,1,0,0.054471,0.917322,0.027709,0.000498,0,helmer
47,0,0,0,0,0,0,0,1,0,0,0,0,0,0,0,0,0,0,0,0,0,0,0,1,0,0,0,0,0,0,0,0,0,1,0,0,0,0,0,0,0,0,1,0,0,0,0,0,0.110963,0.103845,0.101663,0.347474,0.336054,helmer
48,0,0,0,0,0,0,0,0,0,0,0,0,0,0,0,0,1,0,0,0,0,0,0,0,0,0,0,0,0,0,0,0,0,0,0,0,0,0,0,0,0,0,0,0,0,0,0,0,0.176359,0.080138,0.260505,0.178309,0.304688,helmer
49,1,0,0,1,0,0,0,0,0,0,0,0,0,0,0,0,0,0,0,1,0,0,0,0,0,0,0,0,0,0,0,0,0,1,0,0,0,0,0,0,0,0,0,0,0,0,0,0,0.095709,0.300308,0.196137,0.15041,0.257437,helmer
50,0,0,0,0,0,0,0,0,0,0,0,0,0,1,0,0,0,0,0,0,0,0,0,0,0,0,0,0,0,0,0,0,0,0,0,0,0,0,0,0,0,1,0,0,0,0,1,0,0.269703,0.312072,0.162102,0.095589,0.160533,helmer
51,0,0,0,0,0,0,0,0,0,0,0,0,0,0,0,0,0,0,1,0,0,0,0,0,0,0,1,1,0,0,0,0,0,0,1,0,0,0,0,0,0,0,0,0,0,0,0,0,0.173581,0.445752,0.240517,0.119295,0.020855,helmer
52,0,0,0,0,0,0,0,0,0,0,0,0,0,0,0,0,0,0,0,0,0,0,1,0,0,0,0,0,1,0,0,0,0,0,0,1,0,0,0,0,0,0,0,0,0,0,0,0,0.23921,0.354706,0.372813,0.033271,0,helmer
53,2,0,1,4,2,0,1,0,0,0,3,0,0,0,0,0,4,0,2,2,1,2,1,0,0,2,1,0,1,0,0,1,1,3,0,1,1,0,1,2,0,0,0,0,1,1,6,1,0.148548,0.827411,0.016736,0.007306,0,helmer
54,0,0,0,0,0,0,0,0,1,0,0,0,0,1,0,0,0,0,0,0,0,0,0,0,0,1,0,0,0,0,0,0,1,0,0,0,0,0,0,0,0,0,0,0,0,0,2,0,0.052843,0.472903,0.307357,0.128622,0.038276,helmer
55,1,1,3,1,0,2,0,1,0,2,1,1,0,1,0,0,5,1,1,1,2,0,1,1,0,1,0,0,0,3,0,1,0,2,2,0,1,1,1,4,0,0,0,0,0,0,2,0,0.215011,0.466242,0.000386,0.31836,0,helmer
56,0,0,0,0,0,1,0,0,1,0,1,1,0,0,0,0,0,0,0,0,0,0,0,0,0,0,0,0,0,0,0,0,0,1,0,0,0,0,0,0,0,0,1,0,0,1,1,0,0.153538,0.356721,0.092542,0.112736,0.284464,helmer
57,0,0,0,0,0,0,0,0,0,0,0,0,0,0,0,0,1,0,0,0,0,0,1,0,0,2,0,0,1,0,0,0,0,0,0,0,0,0,0,0,0,0,0,1,0,0,0,0,0.024667,0.824953,0.108202,0.042178,0,helmer
58,0,0,0,0,0,0,0,0,0,0,1,0,0,0,0,0,0,0,0,0,0,0,0,0,0,0,0,0,0,0,0,0,0,1,0,0,0,0,0,0,0,0,1,0,0,0,1,0,0.129446,0.421409,0.092729,0.186934,0.169481,helmer
59,1,1,0,1,1,0,0,0,1,0,0,0,1,0,0,0,0,0,0,1,1,0,1,0,0,0,0,0,0,2,0,0,0,2,2,0,0,0,0,1,0,0,0,0,0,0,2,0,0.035635,0.814032,0.029732,0.120602,0,helmer
60,0,0,0,0,0,0,0,0,0,0,0,0,0,0,0,0,0,0,0,0,1,0,0,0,1,0,0,0,0,0,0,0,0,0,0,0,0,0,0,0,0,0,0,0,0,0,0,0,0.316906,0.330035,0.263046,0.090012,0,helmer
61,0,0,0,0,2,0,0,0,0,0,0,0,0,0,0,0,0,0,0,0,0,0,1,0,0,0,0,0,0,0,0,0,0,1,0,0,0,0,0,0,0,0,1,0,0,0,0,0,0.021334,0.903588,0.050646,0.024433,0,helmer
62,0,0,0,2,0,1,0,0,0,0,0,2,0,2,0,0,2,0,3,0,0,0,0,0,1,0,0,0,0,2,0,0,1,1,7,0,0,0,0,2,0,0,0,0,0,0,0,0,0.256146,0.4103,0.023327,0.310226,0,helmer
63,0,0,0,0,0,0,0,0,0,0,0,0,0,0,0,0,1,0,0,0,0,0,0,0,0,0,0,0,0,0,0,0,0,0,0,0,0,0,0,0,0,0,0,0,0,0,1,0,0.167328,0.1016,0.205741,0.1852,0.340131,helmer
64,0,0,0,0,0,0,0,0,0,0,0,0,0,0,0,0,0,0,0,1,0,0,1,0,0,1,0,0,0,0,0,0,0,1,0,0,1,0,0,0,0,0,0,0,0,0,0,0,0.006417,0.879408,0.102588,0.011587,0,helmer
65,0,0,2,0,0,1,0,1,1,0,1,0,0,0,0,0,3,0,1,0,1,0,1,0,0,0,0,2,0,0,1,0,0,1,0,0,0,0,0,2,0,2,0,1,0,0,5,2,0.010549,0.981545,0.000129,0.007778,0,helmer
66,0,0,0,0,2,0,0,1,0,0,0,0,0,1,0,0,0,0,1,0,0,0,0,0,0,0,0,1,0,0,1,0,1,0,1,0,0,0,0,0,0,0,0,0,0,0,2,1,0.134004,0.54764,0.182473,0.119415,0.016467,helmer
67,0,0,0,0,0,0,0,0,0,0,0,0,0,0,0,0,0,0,0,1,0,0,0,0,0,0,0,0,0,0,0,0,0,1,0,0,0,0,0,0,0,0,1,0,0,0,0,0,0.119416,0.1824,0.108156,0.230586,0.359441,helmer
68,0,0,0,0,0,0,0,0,0,0,0,0,0,0,0,0,0,0,0,1,0,0,0,1,0,0,0,0,0,0,0,0,0,1,0,0,0,0,0,0,0,0,1,0,0,0,0,0,0.125106,0.062577,0.122395,0.361797,0.328125,helmer
69,0,0,0,0,0,0,0,0,0,0,0,0,0,0,0,0,0,0,0,0,0,0,0,0,0,0,0,0,0,0,0,0,0,0,0,0,0,0,0,0,0,0,0,0,0,1,0,0,0.242714,0.095687,0.226207,0.077011,0.35838,helmer
70,0,0,0,0,0,0,0,0,0,0,0,0,0,0,0,0,0,0,0,0,0,0,0,0,0,0,0,0,0,0,0,0,0,0,0,0,0,0,0,0,0,1,0,0,0,0,0,0,0.161997,0.282923,0.22373,0.107364,0.223986,helmer
71,0,0,0,0,0,0,0,1,0,0,0,0,0,0,0,0,2,0,0,1,1,0,0,0,2,1,0,0,0,1,0,0,2,0,1,0,0,0,1,1,0,1,0,0,0,0,1,0,0.052122,0.624227,0.30484,0.018811,0,helmer
72,0,0,0,0,0,0,0,0,0,0,0,0,0,0,0,0,0,0,0,0,0,0,0,0,0,0,0,0,0,0,0,0,0,0,0,0,0,0,0,0,0,0,0,0,0,0,0,0,0.18915,0.163228,0.284429,0.143332,0.21986,helmer
73,4,4,1,2,0,0,1,1,0,0,0,4,0,2,1,0,4,0,1,1,3,0,0,1,0,1,3,0,0,5,0,0,0,1,2,0,0,0,1,2,1,0,2,0,0,0,2,3,0.21055,0.616574,0.008081,0.144512,0.020283,helmer
74,0,0,0,0,1,1,0,0,0,0,0,0,0,0,0,0,0,1,0,0,1,0,0,0,0,1,0,0,0,0,1,0,0,0,0,0,0,0,0,0,0,0,0,0,0,0,1,1,0.07727,0.242146,0.01985,0.337391,0.323343,helmer
75,0,0,1,0,0,0,0,0,0,0,0,0,0,0,0,0,1,0,0,0,0,0,1,0,0,1,0,1,0,0,0,0,0,1,0,0,0,0,0,0,0,0,1,0,0,0,3,1,0.001638,0.987652,0.002866,0.007844,0,helmer
76,0,0,0,0,0,0,0,0,0,0,0,0,0,0,0,0,0,0,0,0,1,0,0,1,0,0,0,0,0,0,0,0,0,1,0,0,0,0,0,1,0,1,0,0,0,0,1,0,0.111291,0.169463,0.045439,0.26612,0.407686,helmer
77,0,0,0,0,0,0,0,0,0,0,0,0,0,0,0,1,0,0,0,0,0,0,0,0,0,0,0,0,0,0,0,0,1,0,0,0,0,0,0,0,0,0,0,0,0,0,1,0,0.147225,0.167696,0.267096,0.091363,0.32662,helmer
78,0,0,0,0,0,0,0,0,0,0,0,0,0,0,0,0,0,0,0,0,0,0,0,0,0,0,0,1,0,0,0,0,0,0,0,0,0,0,0,0,0,0,0,0,0,0,0,0,0.185649,0.33783,0.295331,0.137844,0.043346,helmer
79,0,0,0,0,0,0,0,0,0,0,0,0,0,0,0,0,1,0,0,0,1,0,0,0,0,0,0,0,0,0,0,0,0,0,0,0,0,1,0,1,0,1,0,1,0,0,0,0,0.389676,0.204675,0.057802,0.174075,0.173771,helmer
80,2,1,0,1,1,0,0,0,0,0,0,0,0,0,0,0,0,0,0,0,0,0,0,0,0,0,0,0,0,0,0,0,0,0,0,0,0,0,0,0,0,0,0,0,0,0,1,0,0.03427,0.464846,0.148286,0.15667,0.195927,helmer
81,1,0,0,0,0,0,0,1,1,0,0,0,0,0,0,0,0,0,0,1,1,0,0,0,0,0,0,0,0,0,0,0,0,0,2,1,0,0,0,0,0,0,0,1,0,1,0,0,0.13486,0.263286,0.065114,0.462527,0.074213,helmer
82,0,0,0,0,0,0,0,0,1,0,0,0,0,0,0,0,0,0,0,0,0,0,0,0,0,1,0,0,0,0,0,0,0,0,0,0,0,0,0,0,0,0,0,0,0,0,0,0,0.030608,0.320953,0.515509,0.086826,0.046103,helmer
83,0,0,0,0,0,0,0,0,0,0,0,0,0,0,0,0,0,0,0,0,0,0,0,0,0,0,0,0,0,0,0,0,0,0,0,0,0,0,0,0,0,0,0,0,0,0,0,0,0.18915,0.163228,0.284429,0.143332,0.21986,helmer
84,1,0,0,0,0,0,0,0,0,0,0,0,0,0,0,0,0,0,0,0,0,0,0,0,0,0,0,0,0,0,0,0,0,0,1,0,0,0,0,1,0,0,0,0,0,0,0,0,0.063539,0.255106,0.226499,0.261759,0.193098,helmer
85,2,0,1,0,0,2,0,0,0,0,0,0,0,0,0,0,1,0,1,0,0,0,0,0,0,0,0,1,0,2,0,0,2,1,0,0,0,0,0,1,0,0,0,0,0,1,0,0,0.00621,0.353859,0.001801,0.571534,0.066596,helmer
86,0,0,0,1,1,0,0,1,0,0,0,0,0,1,0,0,1,0,1,0,1,0,0,0,0,0,0,0,1,0,0,0,0,0,3,0,0,0,0,1,0,0,0,1,0,0,2,1,0.326818,0.095951,0.007138,0.556255,0.013839,helmer
87,0,0,0,0,0,0,0,0,0,0,0,0,0,0,0,0,0,0,0,0,0,0,0,0,0,0,0,1,0,0,0,0,0,0,0,0,0,0,0,0,0,0,0,0,0,0,0,0,0.185649,0.33783,0.295331,0.137844,0.043346,helmer
88,0,0,0,0,0,0,0,0,0,0,0,0,0,0,1,0,0,0,0,0,0,0,0,0,0,1,0,0,0,0,0,0,0,0,0,0,0,0,0,0,0,0,0,0,0,0,0,0,0.041114,0.294728,0.433336,0.047082,0.183741,helmer
89,7,2,0,11,0,5,1,4,0,1,1,2,1,7,2,2,8,1,2,5,5,0,4,4,0,2,2,1,0,1,0,0,4,5,2,0,1,1,2,8,1,0,2,8,2,1,15,3,0.089108,0.9003,0,0.010593,0,helmer
90,0,0,0,0,0,0,0,0,0,0,0,0,0,0,0,0,0,0,0,0,0,0,0,0,0,0,0,1,0,0,0,0,1,0,0,0,0,0,0,0,0,0,0,0,0,0,0,0,0.179187,0.314339,0.271745,0.195008,0.039721,helmer
91,0,0,0,0,1,0,0,0,0,0,0,0,0,0,0,0,0,0,0,0,0,0,0,0,0,0,0,0,0,0,0,0,0,0,0,0,0,0,0,0,0,0,0,0,0,0,1,0,0.14169,0.233762,0.235521,0.138875,0.250152,helmer
92,0,1,1,0,0,0,0,1,0,0,0,0,0,0,0,0,1,0,0,1,0,0,1,1,0,1,2,0,0,1,0,0,0,1,1,0,0,0,0,1,0,0,0,1,0,0,1,2,0.06453,0.842966,0.049322,0.043183,0,helmer
93,1,0,0,0,0,0,1,0,0,0,0,0,0,1,0,0,0,0,0,0,0,0,0,0,0,0,0,0,0,0,0,0,0,0,0,0,0,0,0,0,0,0,0,0,0,0,1,0,0.261792,0.387385,0.012782,0.150845,0.187195,helmer
94,2,0,0,0,0,0,1,0,0,0,0,0,0,0,0,0,0,0,0,0,0,0,0,0,0,0,0,1,0,0,0,0,0,0,0,0,0,0,0,0,0,0,0,0,0,0,0,0,0.041495,0.717543,0.011255,0.191417,0.038289,helmer
95,0,0,0,1,0,0,0,0,0,0,0,0,0,0,0,0,0,0,0,0,0,0,0,0,0,1,0,0,0,0,0,0,0,0,1,0,0,0,0,0,0,0,0,0,0,0,0,0,0.04388,0.589637,0.250356,0.040591,0.075535,helmer
96,1,0,0,1,0,0,0,0,0,0,0,0,0,0,0,0,0,0,0,0,0,0,0,0,0,0,0,0,0,0,0,0,0,0,0,0,0,1,0,0,0,0,0,0,0,0,1,0,0.101695,0.469142,0.303446,0.040991,0.084726,helmer
97,1,0,0,0,0,0,0,1,0,0,0,1,0,0,0,0,0,0,0,0,0,0,0,0,0,0,0,0,1,0,0,0,0,0,1,0,0,0,0,0,0,0,0,1,0,0,0,0,0.308959,0.095921,0.062237,0.418117,0.114767,helmer
98,0,0,0,0,1,0,0,0,0,0,0,0,0,0,0,0,2,0,0,0,1,0,0,0,0,0,0,0,0,1,0,0,0,0,0,0,0,0,0,0,0,0,0,0,0,0,2,1,0.085014,0.138013,0.098314,0.463339,0.215319,helmer
99,1,1,0,0,0,0,1,1,1,0,0,0,0,1,0,0,2,0,0,1,0,0,0,0,0,0,0,0,0,1,0,0,0,1,0,0,0,0,0,2,0,0,0,1,0,0,2,0,0.329871,0.062826,0.003433,0.495949,0.107921,helmer
1,0,0,0,0,0,0,0,0,0,0,0,0,0,1,0,0,0,0,0,0,1,0,0,0,0,0,0,0,0,0,0,0,0,0,0,0,0,0,0,0,0,0,0,0,0,0,1,0,0.320646,0.257541,0.095201,0.143418,0.183194,mrslinde
2,0,0,0,0,0,0,0,0,0,0,0,0,0,0,0,0,0,0,0,0,0,0,0,0,0,0,0,0,0,0,0,0,0,0,1,0,0,0,0,0,0,0,0,0,0,0,0,0,0.173575,0.243963,0.21405,0.180765,0.187647,mrslinde
3,1,0,0,0,0,0,0,0,0,0,1,1,0,0,1,0,0,0,0,0,0,0,0,0,0,1,0,0,0,0,0,0,0,0,0,0,1,0,0,0,1,0,0,0,0,0,0,0,0.015219,0.025018,0.89934,0.020699,0.039724,mrslinde
4,2,0,0,3,0,0,1,0,0,1,1,2,1,2,0,0,2,0,0,2,1,0,0,2,0,2,2,1,1,0,1,1,1,0,2,1,0,0,0,2,0,1,0,0,1,0,0,0,0.216583,0.00255,0.709483,0.000389,0.070995,mrslinde
5,0,0,0,1,0,0,0,0,0,0,0,0,0,2,0,0,1,0,0,0,0,0,0,1,0,0,0,0,0,0,0,0,0,1,0,0,0,0,0,1,0,0,0,0,0,0,0,0,0.559793,0.02764,0.145788,0.127496,0.139283,mrslinde
6,0,0,0,0,0,0,0,0,0,0,0,1,0,1,0,0,1,0,0,0,0,0,0,0,0,0,0,0,0,0,0,0,0,0,0,0,0,0,0,1,0,0,0,0,0,0,0,0,0.296036,0.030994,0.34826,0.072118,0.252592,mrslinde
7,1,0,0,1,0,0,0,0,0,0,0,1,1,0,0,0,1,0,0,0,0,0,1,0,1,0,0,1,0,0,0,0,0,1,0,1,0,0,0,0,0,0,0,0,0,0,2,1,0.085474,0.217344,0.631774,0.065408,0,mrslinde
8,1,0,0,0,0,0,0,0,0,0,0,0,0,1,0,0,1,0,0,1,1,0,0,0,0,0,0,0,0,0,0,0,0,1,0,0,0,0,0,0,0,0,0,0,1,0,1,0,0.068242,0.133666,0.107375,0.229814,0.460903,mrslinde
9,0,0,0,0,0,0,0,0,0,0,0,0,0,0,0,0,0,0,0,0,0,0,0,0,0,0,0,0,0,0,0,0,0,0,0,0,0,0,0,0,0,0,0,0,0,1,0,0,0.242714,0.095687,0.226207,0.077011,0.35838,mrslinde
10,0,0,0,0,0,0,0,0,0,0,0,0,0,0,0,0,0,0,0,0,0,0,0,0,0,0,0,0,0,0,0,0,1,0,0,0,0,0,0,0,0,0,0,0,0,0,0,0,0.182493,0.151817,0.261608,0.202689,0.201393,mrslinde
11,1,0,0,1,1,0,0,1,0,0,0,0,0,0,0,0,0,0,0,1,0,0,0,0,1,0,0,1,0,0,0,0,0,0,1,0,0,0,0,0,0,0,0,0,0,0,1,0,0.060178,0.624002,0.297067,0.018753,0,mrslinde
12,0,0,0,0,0,0,0,0,1,0,0,0,0,0,0,0,0,0,0,0,0,0,0,0,0,0,0,0,0,1,0,0,0,0,0,0,0,0,0,0,0,0,0,0,0,0,1,0,0.136395,0.277677,0.363343,0.150115,0.072471,mrslinde
13,0,0,0,1,1,0,0,1,0,0,0,1,0,0,0,0,0,0,1,1,1,1,1,1,0,0,0,0,0,2,0,0,2,0,1,0,0,0,0,2,0,0,0,0,0,0,3,0,0.439738,0.243958,0.251985,0.06432,0,mrslinde
14,0,0,0,0,0,0,0,1,1,0,0,0,0,0,0,0,0,0,0,0,0,0,0,0,0,0,0,0,0,0,0,0,0,0,0,0,0,0,0,0,0,0,0,0,0,0,0,0,0.146656,0.163493,0.520347,0.109306,0.060198,mrslinde
15,0,0,0,0,0,0,0,0,1,0,0,0,0,0,0,0,0,0,0,0,0,0,0,0,0,0,0,0,0,0,0,0,0,0,0,0,0,0,0,0,0,0,0,0,0,0,0,0,0.152233,0.1589,0.456631,0.153684,0.078552,mrslinde
16,0,0,0,0,0,0,0,0,0,0,0,0,0,0,0,0,0,0,0,0,0,0,0,0,0,0,2,0,0,0,0,0,0,0,0,0,0,0,0,0,0,0,0,0,0,0,0,0,0.286772,0.245453,0.394994,0.02247,0.050312,mrslinde
17,0,0,0,0,0,0,0,0,0,0,2,0,0,0,0,0,0,0,0,0,0,0,0,0,0,0,0,0,0,0,0,0,0,0,0,0,0,0,0,0,0,0,0,0,0,0,1,0,0.248292,0.23735,0.447645,0.044687,0.022026,mrslinde
18,0,0,0,0,0,0,0,0,0,0,0,0,0,0,1,0,0,0,0,0,0,0,0,0,0,0,0,0,0,1,1,0,0,0,0,0,0,0,0,0,0,0,0,0,0,0,0,0,0.211412,0.14441,0.308924,0.015585,0.319669,mrslinde
19,0,0,0,0,0,0,0,0,0,0,0,0,0,0,0,0,0,0,0,0,0,0,0,0,0,0,0,0,0,0,0,0,0,0,0,0,0,0,0,0,0,0,0,0,0,0,0,0,0.18915,0.163228,0.284429,0.143332,0.21986,mrslinde
20,0,0,0,0,0,0,0,0,0,0,0,0,0,0,0,0,1,0,1,0,0,0,0,1,1,0,0,0,0,0,0,0,1,0,0,0,0,0,0,1,1,0,0,0,0,1,1,0,0.333888,0.000994,0.544952,0.120166,0,mrslinde
21,0,0,0,0,0,0,0,0,0,0,0,0,0,0,0,0,1,0,0,0,0,0,0,0,0,0,0,0,0,0,0,0,0,0,0,0,0,0,0,0,0,0,1,0,0,0,0,0,0.13098,0.101237,0.161023,0.224746,0.382014,mrslinde
22,0,0,0,0,0,0,0,0,0,0,0,0,0,0,0,0,0,0,0,0,1,0,0,1,0,0,0,0,0,0,0,0,0,0,0,0,0,0,0,2,0,0,0,0,0,0,0,0,0.215476,0.051782,0.254039,0.22124,0.257463,mrslinde
23,0,0,0,0,0,0,0,0,0,0,0,0,0,0,0,0,1,0,0,0,0,0,0,0,0,0,0,0,0,0,0,0,0,0,0,0,0,0,1,0,0,0,0,0,0,0,0,0,0.191227,0.147358,0.262815,0.11272,0.285879,mrslinde
24,0,0,0,0,1,0,0,0,0,0,0,0,0,0,0,0,1,0,0,0,0,0,0,0,0,0,0,0,0,1,0,0,0,0,1,0,0,1,0,0,0,0,0,0,0,0,0,0,0.159987,0.283109,0.347597,0.092023,0.117284,mrslinde
25,0,0,0,0,1,0,0,0,0,0,0,1,0,0,0,0,0,0,0,1,1,0,0,0,0,0,0,0,0,0,0,0,0,1,0,0,0,0,0,0,0,0,1,0,0,0,1,0,0.080444,0.197111,0.044007,0.120811,0.557627,mrslinde
26,0,0,0,0,0,0,0,0,1,0,0,0,0,0,0,0,0,0,0,0,1,0,0,0,0,0,0,0,0,0,0,0,0,0,0,1,0,0,0,0,0,0,0,0,0,0,1,0,0.136519,0.287657,0.256124,0.205062,0.114638,mrslinde
27,0,0,0,0,0,0,0,0,1,0,1,0,0,0,0,0,0,0,0,0,0,1,0,0,0,1,0,0,0,0,0,0,0,0,0,0,0,0,0,0,0,0,0,0,0,0,1,0,0.13575,0.155784,0.553092,0.117182,0.038192,mrslinde
28,1,0,0,0,0,0,0,0,0,0,0,0,0,0,0,0,0,0,0,0,0,0,0,0,0,0,0,0,0,0,0,0,0,0,0,0,0,0,0,1,0,0,0,0,0,0,2,0,0.060499,0.266293,0.182216,0.217329,0.273664,mrslinde
29,1,0,0,0,0,0,0,0,0,0,0,0,0,0,0,0,0,0,1,0,0,0,0,0,0,0,0,0,0,0,0,0,0,0,0,0,0,0,0,0,0,0,0,0,0,0,2,0,0.043081,0.212039,0.113843,0.358014,0.273022,mrslinde
30,0,0,0,0,0,0,0,0,0,0,1,0,0,0,0,0,0,0,0,0,0,0,0,1,1,1,0,0,0,0,0,0,0,0,0,0,0,0,0,1,0,0,0,0,0,1,1,0,0.09129,0.096276,0.793323,0.01911,0,mrslinde
31,0,0,0,3,0,0,0,0,0,0,0,1,1,0,0,0,3,0,1,0,0,0,0,0,0,2,0,1,0,0,0,0,1,0,0,1,0,1,0,1,3,0,0,0,0,0,0,0,0.007871,0.000001,0.991555,0.000466,0.000107,mrslinde
32,1,0,0,0,0,0,0,0,0,0,0,1,0,0,1,0,1,0,0,1,0,0,0,0,0,0,0,0,0,0,0,0,0,0,0,0,0,0,0,0,0,0,0,0,0,0,0,0,0.068868,0.032393,0.441478,0.060777,0.396484,mrslinde
33,0,0,0,0,0,0,0,0,0,0,0,0,0,0,0,0,1,0,0,1,1,0,0,0,0,0,0,0,0,0,0,0,0,0,0,0,0,0,0,0,0,0,0,0,0,1,0,0,0.267669,0.04456,0.140428,0.085276,0.462068,mrslinde
34,0,0,0,0,0,0,0,0,0,0,0,0,0,0,0,0,0,0,0,0,0,0,0,0,0,0,0,0,0,0,0,0,0,1,0,0,0,0,0,0,1,0,0,0,0,0,0,0,0.273189,0.025124,0.286653,0.250457,0.164578,mrslinde
35,0,0,0,0,0,0,0,0,1,0,0,0,0,0,0,0,0,0,0,0,0,0,0,0,0,0,0,0,0,0,0,0,0,0,0,0,0,0,0,0,0,0,0,0,0,0,0,0,0.152233,0.1589,0.456631,0.153684,0.078552,mrslinde
36,1,0,0,0,0,0,0,1,0,0,0,0,0,0,0,0,1,0,0,0,0,0,0,0,0,0,0,0,0,0,0,0,0,0,0,0,0,0,0,1,0,1,1,0,0,0,1,0,0.040788,0.260109,0.13108,0.195701,0.372322,mrslinde
37,0,0,0,0,0,0,0,0,0,0,0,0,0,0,0,0,0,0,0,0,0,0,0,0,0,0,1,0,0,0,0,0,0,0,0,1,1,0,0,0,1,0,0,0,0,0,0,0,0.171981,0.018255,0.695741,0.055277,0.058746,mrslinde
38,3,0,0,2,1,0,0,1,0,0,1,2,0,0,0,0,3,0,0,0,0,0,0,0,1,1,0,0,1,0,1,0,0,1,0,0,1,0,0,2,0,0,2,1,0,0,0,0,0.050695,0.475775,0.354365,0.119164,0,mrslinde
39,0,0,0,0,0,0,0,0,0,0,0,0,0,0,0,0,1,0,0,0,0,0,0,0,0,0,0,0,0,0,0,0,0,0,0,0,0,0,0,0,0,0,0,0,0,0,0,0,0.176359,0.080138,0.260505,0.178309,0.304688,mrslinde
40,0,0,0,0,0,0,0,0,0,0,0,0,0,0,0,0,0,0,0,0,0,0,0,0,0,0,0,0,0,0,0,0,0,0,0,0,0,0,0,0,0,0,0,0,0,0,0,0,0.18915,0.163228,0.284429,0.143332,0.21986,mrslinde
41,0,0,0,0,0,0,0,0,0,0,0,0,0,0,0,0,0,0,0,0,0,0,0,0,0,0,1,0,0,0,0,0,0,0,0,0,0,0,0,0,0,0,0,0,0,0,0,0,0.250385,0.215188,0.360346,0.061011,0.113069,mrslinde
42,0,0,0,0,0,0,0,0,0,0,0,0,0,0,0,0,0,0,0,0,0,0,0,0,0,0,0,0,0,0,0,0,0,0,0,0,0,0,0,0,0,0,0,0,0,0,0,0,0.18915,0.163228,0.284429,0.143332,0.21986,mrslinde
43,1,0,0,0,0,0,0,0,0,0,0,0,0,0,0,0,0,0,0,0,0,0,1,1,0,0,0,0,0,0,0,0,0,0,0,0,0,0,0,1,0,0,0,0,0,0,1,0,0.055241,0.460785,0.405331,0.078642,0,mrslinde
44,0,1,0,0,0,0,0,0,0,0,0,0,1,0,0,0,0,0,0,0,1,0,0,0,0,0,0,0,0,2,0,0,1,0,0,0,0,0,0,1,0,0,0,0,0,0,0,1,0.197468,0.013406,0.155314,0.539432,0.09438,mrslinde
45,0,0,0,0,0,0,0,0,0,0,0,0,0,0,0,0,0,0,0,0,0,0,0,0,0,0,0,0,0,0,0,0,0,0,0,0,0,0,0,0,0,0,0,0,0,0,0,0,0.18915,0.163228,0.284429,0.143332,0.21986,mrslinde
46,0,0,0,0,0,0,0,0,0,0,0,0,0,0,0,0,1,0,0,0,0,0,0,0,0,0,0,0,0,0,0,0,1,0,0,0,0,1,0,0,0,0,0,0,0,0,0,0,0.223821,0.112257,0.398985,0.116684,0.148253,mrslinde
47,0,0,0,0,0,0,0,0,1,0,0,0,0,0,0,0,0,0,0,0,0,0,0,0,0,0,0,0,0,0,0,0,0,0,1,0,0,0,0,0,0,0,0,0,0,0,0,0,0.142302,0.241922,0.350049,0.197434,0.068293,mrslinde
48,0,0,0,0,0,0,0,0,0,0,0,0,0,0,0,0,0,0,0,1,1,0,0,0,0,0,0,0,1,0,0,0,0,0,0,0,0,0,0,0,0,0,0,0,0,0,0,0,0.511262,0.073111,0.146858,0.150023,0.118746,mrslinde
49,1,1,0,2,0,0,0,0,1,0,0,0,0,0,2,0,1,0,0,0,1,0,0,0,0,0,0,0,0,0,0,1,0,0,0,0,1,0,0,1,3,1,0,0,0,0,0,0,0.072606,0.000018,0.882693,0.001543,0.04314,mrslinde
50,0,0,0,0,0,0,0,0,0,0,0,0,0,0,0,0,0,0,0,0,0,0,0,0,0,0,0,0,0,0,0,0,0,0,0,0,0,0,0,0,0,0,0,0,0,0,0,0,0.18915,0.163228,0.284429,0.143332,0.21986,mrslinde
51,0,0,0,0,0,0,0,0,0,0,0,1,0,0,0,0,1,0,0,0,0,0,0,0,0,1,0,0,0,0,0,0,0,1,0,0,0,1,0,0,1,1,0,0,0,0,1,0,0.088985,0.08006,0.600267,0.056124,0.174564,mrslinde
52,0,0,0,1,0,0,0,0,0,0,0,0,0,1,0,0,0,0,0,0,0,0,0,0,0,0,0,0,0,0,0,0,0,0,0,1,0,0,0,1,0,0,0,0,0,0,1,2,0.155151,0.118486,0.561152,0.149304,0.015907,mrslinde
53,0,0,0,0,0,0,0,0,0,0,0,0,0,0,0,0,0,0,0,0,0,0,0,0,0,0,0,0,0,0,0,0,0,1,0,0,0,1,0,0,0,0,0,0,0,0,1,0,0.16163,0.389003,0.146739,0.103873,0.198755,mrslinde
54,1,0,0,0,0,0,0,0,1,0,1,0,0,0,0,0,0,0,1,0,1,0,0,0,0,0,0,0,0,0,0,0,0,0,1,0,0,0,0,0,0,0,0,0,0,0,2,0,0.041085,0.509555,0.096706,0.321393,0.031261,mrslinde
55,0,1,0,0,0,0,0,0,1,0,0,0,0,1,0,0,0,0,0,0,0,0,0,1,0,1,0,0,0,0,0,0,0,0,0,0,0,0,0,0,0,0,0,0,0,0,1,1,0.061509,0.116153,0.52708,0.280359,0.014899,mrslinde
56,0,0,0,0,1,0,0,0,0,0,0,0,0,0,0,0,0,0,0,0,0,0,0,0,0,0,0,0,0,1,0,0,0,0,0,0,0,0,0,0,0,0,0,0,0,0,1,1,0.093637,0.292053,0.297149,0.237251,0.079909,mrslinde
57,0,0,0,1,0,0,0,1,0,0,0,1,0,1,0,1,4,1,1,0,1,0,1,1,0,3,2,1,0,1,0,1,0,1,2,0,0,0,0,3,1,0,0,1,0,0,0,0,0.127491,0.039408,0.777793,0.055307,0,mrslinde
58,0,0,0,0,0,0,0,0,0,0,0,0,0,0,0,0,0,0,0,0,0,0,0,0,0,0,0,0,0,0,0,0,0,0,0,0,0,0,0,0,0,0,0,0,0,0,0,0,0.18915,0.163228,0.284429,0.143332,0.21986,mrslinde
59,0,0,0,0,0,0,0,0,0,0,0,0,0,0,0,0,0,0,0,1,1,0,0,0,0,0,1,0,0,0,0,0,0,0,0,0,0,0,0,0,0,0,1,0,0,0,0,0,0.265285,0.310992,0.182088,0.082558,0.159077,mrslinde
60,0,0,0,0,0,0,0,0,0,0,0,1,0,0,1,0,0,0,0,0,0,0,0,0,2,0,0,0,0,0,0,0,0,0,0,0,0,0,0,0,0,0,0,0,0,0,0,0,0.213374,0.067112,0.714051,0.005464,0,mrslinde
61,0,0,0,0,0,0,0,0,0,0,1,0,0,0,0,0,0,0,0,0,0,0,0,0,0,0,0,0,0,0,0,0,0,0,0,0,0,0,0,0,0,0,1,0,0,0,1,0,0.189399,0.338237,0.236798,0.124198,0.111367,mrslinde
62,0,0,1,1,0,0,0,0,1,0,0,0,0,0,0,0,3,0,0,1,1,0,0,0,0,1,0,0,0,1,1,0,0,2,1,0,0,1,0,2,1,0,0,0,0,0,0,0,0.389578,0.080777,0.327627,0.055652,0.146366,mrslinde
63,0,1,0,0,0,0,0,0,1,0,0,0,0,0,0,0,2,0,0,0,0,0,0,0,0,0,0,0,0,0,0,0,0,0,0,0,0,0,1,0,0,0,0,1,0,0,0,0,0.344009,0.049383,0.084339,0.400324,0.121945,mrslinde
64,0,0,0,0,0,0,0,0,0,0,0,0,0,0,0,0,1,0,0,0,0,0,0,0,0,0,0,0,0,1,0,0,0,1,0,0,0,0,0,0,2,0,1,0,0,1,0,0,0.390504,0.001254,0.269775,0.185714,0.152753,mrslinde
65,0,0,0,0,0,0,0,0,1,0,0,0,0,0,2,0,1,0,0,2,0,0,0,1,0,0,0,0,0,1,0,0,0,1,1,0,0,0,1,1,0,0,0,0,0,0,0,0,0.138769,0.03182,0.647803,0.059887,0.121722,mrslinde
66,0,0,0,1,0,0,0,0,0,0,0,0,1,0,0,0,0,0,0,0,0,1,0,0,0,0,0,1,0,0,0,0,0,1,1,0,0,0,0,1,0,0,0,0,0,0,0,2,0.210462,0.005364,0.098658,0.673322,0.012194,mrslinde
67,0,0,0,0,0,0,0,0,0,0,0,0,0,0,0,0,0,0,0,0,0,0,0,0,0,0,0,1,0,0,0,0,0,0,0,0,0,0,0,1,0,0,0,0,0,0,0,0,0.187354,0.265255,0.37698,0.125945,0.044465,mrslinde
68,0,0,0,0,1,0,0,0,0,0,0,0,0,0,0,0,0,0,0,0,0,0,0,1,0,0,0,0,0,0,0,0,0,0,0,0,0,0,0,0,0,0,0,0,0,0,1,0,0.157678,0.085188,0.28311,0.231457,0.242567,mrslinde
69,0,0,0,0,0,0,0,0,0,0,0,0,0,0,1,0,0,0,0,1,0,0,0,0,0,0,0,0,0,0,0,0,0,0,0,0,0,0,0,0,0,0,0,0,0,0,0,0,0.195662,0.0797,0.463906,0.054368,0.206364,mrslinde
70,0,0,0,0,0,0,0,0,0,0,0,0,0,1,0,0,0,0,0,0,0,0,0,2,0,0,0,0,0,0,0,0,0,1,0,0,0,0,0,2,0,0,0,0,1,0,2,0,0.15425,0.016904,0.293136,0.238306,0.297406,mrslinde
71,0,0,0,1,0,0,0,0,0,0,0,0,0,0,2,1,0,1,1,3,0,0,0,0,0,0,1,2,0,0,0,1,0,0,1,0,2,0,0,0,0,0,0,0,0,0,0,0,0.256756,0.017273,0.502785,0.010127,0.21306,mrslinde
72,0,0,1,0,0,0,0,0,1,0,0,0,1,1,0,1,1,0,0,0,1,0,0,0,0,0,0,1,0,0,0,1,0,0,0,0,0,0,0,0,0,0,0,0,1,0,0,0,0.2614,0.003313,0.341362,0.026962,0.366963,mrslinde
73,0,0,0,1,0,0,0,0,0,0,1,0,0,0,0,0,1,0,0,0,0,0,0,0,0,0,0,0,0,0,0,0,0,0,1,0,0,0,0,0,0,0,0,0,0,0,2,0,0.28334,0.324443,0.235184,0.069472,0.087561,mrslinde
74,0,0,0,0,0,0,0,0,0,0,0,0,0,0,0,0,0,0,0,0,0,0,0,0,0,0,0,0,0,0,0,0,0,0,0,0,0,0,0,0,0,0,0,0,0,1,0,0,0.242714,0.095687,0.226207,0.077011,0.35838,mrslinde
75,0,0,0,0,0,0,0,1,1,1,0,0,0,0,0,0,0,0,0,0,0,0,0,0,0,0,0,0,0,0,0,0,1,0,0,0,0,0,1,0,0,1,0,0,0,0,0,0,0.111398,0.360492,0.303893,0.099761,0.124456,mrslinde
76,1,0,0,0,0,0,0,0,0,0,0,0,0,0,0,0,0,0,0,0,0,0,0,0,0,0,0,0,0,0,0,0,0,0,0,0,0,0,0,0,0,0,0,0,0,1,0,0,0.099529,0.144066,0.211994,0.137982,0.40643,mrslinde
77,1,0,0,0,0,0,0,0,0,0,0,1,0,1,0,0,1,0,0,0,0,0,0,1,0,0,1,0,0,0,0,0,0,0,0,0,0,0,0,1,0,0,0,0,0,0,0,0,0.191707,0.024034,0.532844,0.098273,0.153142,mrslinde
78,0,0,0,0,0,0,0,0,1,0,0,0,0,0,0,0,0,0,1,0,0,0,0,0,1,0,0,0,0,0,0,0,0,0,0,1,0,0,0,0,0,0,0,0,0,0,2,0,0.121878,0.182555,0.566425,0.129142,0,mrslinde
79,0,0,0,0,0,1,0,0,0,0,0,0,0,0,0,1,2,0,0,0,0,0,0,0,0,0,0,0,0,0,0,0,0,0,2,0,0,0,0,0,1,0,0,0,0,0,0,1,0.143712,0.015303,0.262567,0.445915,0.132504,mrslinde
80,0,0,0,0,0,0,0,0,0,0,0,0,0,0,0,1,0,0,0,0,0,0,0,0,0,0,0,0,0,0,0,0,0,0,0,0,0,0,0,0,0,0,0,0,0,0,0,0,0.152831,0.135138,0.3494,0.059109,0.303522,mrslinde
81,1,0,0,0,0,0,0,0,0,0,0,0,0,0,0,0,0,0,0,1,0,0,0,0,0,0,0,0,0,1,0,0,0,0,0,0,0,0,0,0,0,0,0,0,0,0,0,0,0.080275,0.211916,0.371763,0.180467,0.155579,mrslinde
82,0,0,0,0,0,0,0,1,1,0,0,0,0,0,0,0,0,0,0,0,0,0,0,0,0,1,0,0,0,0,0,0,0,0,1,0,0,0,0,0,0,0,0,0,0,0,0,0,0.025271,0.460956,0.412876,0.072736,0.028162,mrslinde
83,0,0,0,0,0,0,0,0,1,0,0,0,1,0,2,0,2,0,1,0,0,0,0,1,0,1,0,0,0,0,0,0,1,1,1,0,0,0,1,1,1,0,0,0,0,0,1,1,0.021557,0.000197,0.485682,0.44665,0.045914,mrslinde
84,0,0,0,0,0,0,0,0,0,0,0,1,0,0,0,0,0,0,0,0,0,0,0,1,0,0,0,0,0,1,0,0,0,1,1,0,0,0,0,0,0,0,0,0,0,0,1,0,0.129838,0.12691,0.105991,0.264873,0.372388,mrslinde
85,1,0,0,0,0,0,0,0,0,0,0,0,0,1,0,0,0,0,0,0,0,0,0,0,0,0,0,0,1,0,0,0,0,0,0,0,0,0,0,0,0,0,0,0,0,0,0,0,0.327373,0.106272,0.196072,0.272467,0.097816,mrslinde
86,0,1,1,4,0,2,0,0,1,1,0,2,0,1,0,0,5,0,2,2,1,0,0,1,0,3,0,2,1,0,0,1,2,0,2,0,1,0,0,1,0,0,0,0,0,0,0,0,0.066353,0.127533,0.364718,0.100749,0.340646,mrslinde
87,0,0,0,0,0,0,0,0,0,0,0,0,0,0,0,0,0,0,0,0,0,0,0,0,0,0,0,0,0,0,0,0,0,0,0,0,0,0,0,0,0,0,0,0,0,0,1,0,0.178509,0.205843,0.22344,0.148079,0.244129,mrslinde
88,0,0,0,0,0,0,0,0,0,0,0,0,0,0,1,0,0,0,0,0,1,0,0,0,0,0,0,0,0,0,0,0,0,0,0,1,0,0,0,0,1,0,0,0,0,0,0,0,0.279489,0.017613,0.480088,0.085052,0.137758,mrslinde
89,0,0,0,0,0,0,0,0,1,0,0,0,0,0,0,0,0,0,0,0,0,0,0,0,0,0,0,0,0,0,0,0,0,0,1,0,0,0,0,0,0,0,0,0,0,1,1,1,0.150102,0.201767,0.340872,0.247792,0.059467,mrslinde
90,0,0,0,1,0,0,0,0,0,0,0,0,0,0,0,0,0,0,0,0,0,0,0,0,0,0,0,0,0,0,0,0,0,0,0,0,0,0,0,0,0,1,0,0,0,0,0,1,0.162615,0.350071,0.331136,0.088437,0.067741,mrslinde
91,0,0,0,1,0,0,0,0,0,0,0,0,0,0,0,0,0,0,0,0,0,0,0,0,0,0,0,0,0,0,0,0,0,0,1,0,0,0,0,0,0,0,0,0,0,0,0,1,0.174489,0.3023,0.317266,0.149112,0.056833,mrslinde
92,0,0,0,0,0,0,0,0,0,0,0,0,0,0,0,0,0,0,0,0,0,0,0,0,0,0,0,0,0,1,0,0,0,0,0,0,0,0,0,0,0,0,0,0,0,0,0,0,0.177437,0.223495,0.284667,0.133902,0.180499,mrslinde
93,0,0,0,0,0,0,0,0,0,0,0,0,0,0,0,0,0,0,0,1,0,0,0,0,0,0,0,0,0,0,0,0,1,0,1,0,0,0,0,0,0,0,1,0,1,0,2,0,0.08651,0.246337,0.241639,0.1575,0.268014,mrslinde
94,2,0,0,1,0,0,0,1,0,1,0,0,0,1,0,0,3,0,1,0,0,0,0,0,0,0,0,0,0,0,0,0,0,0,0,0,0,0,0,2,0,0,0,0,1,0,1,2,0.007209,0.007746,0.398377,0.494534,0.092135,mrslinde
95,0,0,0,0,0,0,0,0,0,0,0,0,0,0,0,0,0,0,0,0,0,0,0,0,0,0,1,0,0,0,0,0,0,0,0,0,0,0,0,0,0,0,0,0,0,0,0,0,0.250385,0.215188,0.360346,0.061011,0.113069,mrslinde
96,0,0,0,0,0,0,0,0,0,0,0,0,0,0,0,0,2,0,1,0,2,0,0,0,0,0,0,0,0,0,0,0,0,1,1,0,0,0,0,1,3,0,0,0,0,0,0,1,0.173417,0.000043,0.110418,0.704001,0.012122,mrslinde
97,0,0,0,0,0,0,0,0,0,0,0,0,0,0,0,0,0,0,0,0,0,0,0,0,0,0,0,0,0,0,0,0,0,0,0,0,0,0,0,0,0,0,0,0,0,0,0,0,0.18915,0.163228,0.284429,0.143332,0.21986,mrslinde
98,0,0,0,0,0,0,0,0,0,0,0,0,0,0,0,0,0,0,0,0,0,0,0,0,0,0,0,0,0,1,0,0,0,0,0,0,0,0,0,0,0,0,0,0,0,0,0,0,0.177437,0.223495,0.284667,0.133902,0.180499,mrslinde
99,0,0,0,0,0,0,0,0,1,0,1,0,0,2,0,0,1,0,0,0,0,0,0,0,0,0,1,0,0,0,0,0,0,0,0,0,0,0,0,1,0,0,1,0,0,0,2,0,0.481449,0.139385,0.324866,0.042682,0.011619,mrslinde
1,1,0,0,1,0,1,0,1,0,0,2,1,1,3,0,0,4,0,0,2,2,0,0,1,0,1,0,1,1,1,0,0,0,3,1,0,0,0,1,0,0,1,0,1,0,0,3,2,0.110141,0.012506,0.001025,0.875167,0.001161,krogstad
2,0,0,0,0,0,0,0,0,0,0,0,0,0,1,1,0,2,0,0,1,0,0,0,0,0,0,0,0,0,0,0,0,0,0,0,0,0,0,0,0,0,0,0,0,0,0,0,1,0.231964,0.016824,0.496482,0.145506,0.109224,krogstad
3,1,0,0,0,0,0,0,0,0,0,1,0,0,0,0,0,0,0,0,0,0,0,0,1,0,0,0,0,0,0,0,0,0,1,0,0,0,0,0,0,0,0,0,0,0,0,2,0,0.07073,0.217492,0.1251,0.431143,0.155534,krogstad
4,0,1,0,0,0,0,0,0,1,1,1,0,0,2,0,0,1,0,0,1,1,0,0,1,0,2,0,1,0,1,0,1,0,2,0,0,0,0,0,0,1,0,2,0,0,0,4,0,0.042238,0.151256,0.145133,0.430095,0.231278,krogstad
5,0,0,1,0,0,0,0,1,0,1,0,0,0,0,0,0,1,0,0,1,1,0,0,0,0,0,0,0,0,0,0,0,0,2,1,0,0,0,0,2,0,0,0,1,0,0,2,0,0.106106,0.081775,0.000972,0.420676,0.390471,krogstad
6,2,0,0,0,0,0,0,0,1,0,0,1,0,1,0,0,0,0,0,0,0,0,0,0,0,0,0,0,0,0,0,0,0,0,1,0,1,0,0,0,0,0,0,0,0,0,0,3,0.002978,0.08628,0.192386,0.715955,0.002401,krogstad
7,0,1,0,0,0,0,1,1,0,0,0,0,0,0,0,0,1,0,0,0,1,0,0,0,0,0,0,1,0,0,0,0,2,0,1,0,0,0,0,1,0,0,0,0,0,0,0,0,0.411364,0.314634,0.006422,0.223266,0.044315,krogstad
8,1,1,0,0,0,0,0,0,1,0,0,0,1,3,1,0,1,0,0,1,1,0,1,0,0,0,0,0,0,1,0,0,1,2,2,0,0,0,0,2,0,0,1,0,0,0,4,0,0.220705,0.306693,0.01922,0.453381,0,krogstad
9,1,0,0,1,0,2,0,0,2,0,2,0,1,1,0,0,3,1,0,0,0,0,0,2,0,1,0,0,0,1,0,0,0,1,0,0,0,1,1,0,0,1,0,0,1,0,5,0,0.079766,0.017769,0.073826,0.788695,0.039944,krogstad
10,0,0,0,1,0,0,1,0,1,1,2,0,0,0,0,0,2,1,1,1,1,0,0,0,0,0,0,0,0,0,0,1,0,0,1,0,1,0,0,0,0,1,0,1,0,0,1,0,0.425158,0.004293,0.000658,0.165942,0.403949,krogstad
11,1,0,0,0,0,0,0,0,0,0,0,0,0,0,0,0,0,0,0,1,0,0,0,0,0,0,0,0,0,1,0,0,0,0,0,0,0,0,0,0,0,0,0,0,0,0,0,0,0.080275,0.211916,0.371763,0.180467,0.155579,krogstad
12,0,0,0,0,0,0,0,1,0,0,0,0,0,0,0,0,1,1,1,1,1,0,0,0,0,0,0,1,0,0,0,0,0,0,1,0,0,0,1,0,0,0,0,1,0,0,1,0,0.261423,0.023039,0.002416,0.691723,0.021399,krogstad
13,0,0,0,1,0,0,0,0,0,0,0,0,0,0,0,0,0,0,0,0,0,0,0,0,0,0,0,0,0,0,0,0,0,0,0,0,0,0,0,0,0,0,0,0,0,0,0,0,0.254201,0.208765,0.314966,0.060892,0.161176,krogstad
14,1,0,1,0,0,1,0,0,0,0,0,0,0,0,0,0,1,0,0,0,0,0,0,0,0,0,0,0,0,0,0,0,0,0,0,0,0,0,0,0,0,0,0,0,0,1,0,0,0.115164,0.160453,0.029387,0.166309,0.528687,krogstad
15,0,0,0,0,0,0,0,0,1,0,0,0,0,0,0,0,0,0,0,0,0,0,0,0,0,0,0,0,0,0,0,0,0,0,0,0,0,0,0,0,0,0,0,0,0,0,0,0,0.152233,0.1589,0.456631,0.153684,0.078552,krogstad
16,0,1,0,0,1,0,0,0,1,0,0,0,0,1,0,0,2,0,1,1,1,0,0,0,0,0,1,1,0,2,0,0,0,0,2,0,0,0,0,0,0,0,1,1,0,2,1,0,0.607941,0.143397,0.01459,0.212235,0.021837,krogstad
17,0,0,1,0,0,0,0,0,0,0,0,0,0,0,0,0,1,0,0,0,1,0,0,0,0,0,0,0,0,1,0,0,0,0,0,0,0,0,0,0,0,0,0,0,0,0,0,0,0.317299,0.249934,0.048964,0.164548,0.219255,krogstad
18,0,0,0,0,0,0,0,0,0,0,0,0,0,0,0,0,0,0,0,0,0,0,0,0,0,0,0,0,0,0,0,0,0,0,0,0,0,0,0,0,0,0,0,0,0,0,0,0,0.18915,0.163228,0.284429,0.143332,0.21986,krogstad
19,0,0,0,0,1,0,0,0,0,0,0,0,0,0,0,0,0,0,0,0,0,0,0,0,0,0,0,0,0,1,0,0,0,1,0,0,0,0,0,0,0,0,0,0,0,0,1,0,0.083362,0.365942,0.084705,0.179192,0.286798,krogstad
20,0,0,0,0,0,0,0,0,0,0,0,0,1,0,0,0,0,1,1,0,1,0,0,0,0,0,0,0,0,0,0,0,0,0,0,0,0,0,0,1,0,0,0,0,0,0,1,2,0.035722,0.000203,0.005818,0.941354,0.016903,krogstad
21,0,0,0,0,0,0,0,0,0,0,0,0,0,0,0,0,0,0,0,0,0,0,0,0,0,0,0,0,0,1,0,0,0,0,0,0,0,0,0,0,0,0,0,0,0,0,0,0,0.177437,0.223495,0.284667,0.133902,0.180499,krogstad
22,1,0,0,0,0,0,1,0,0,0,0,0,0,0,0,0,1,1,0,0,1,0,0,0,0,0,0,0,0,1,0,0,0,1,0,0,0,0,0,0,1,0,0,0,0,0,2,0,0.159322,0.005357,0.000338,0.664714,0.170269,krogstad
23,0,0,0,0,0,0,0,0,0,0,0,0,0,0,0,0,0,0,0,0,0,0,0,0,0,0,0,0,0,0,0,0,0,0,0,0,0,0,0,0,0,0,0,0,0,0,0,0,0.18915,0.163228,0.284429,0.143332,0.21986,krogstad
24,0,0,0,0,0,0,0,0,0,0,0,0,0,0,0,0,1,0,0,1,1,0,0,0,0,0,0,0,0,0,0,0,0,0,0,0,0,0,0,0,0,0,0,0,0,0,0,0,0.230911,0.084143,0.19546,0.175692,0.313793,krogstad
25,0,0,1,0,0,1,0,1,0,0,0,0,0,0,0,0,1,0,1,0,0,0,0,0,0,1,0,0,0,0,0,0,1,1,1,0,0,0,0,2,0,0,0,1,0,0,1,0,0.029664,0.24302,0.003536,0.581926,0.141855,krogstad
26,0,0,0,0,0,0,0,0,0,0,0,0,0,0,0,0,1,0,0,0,0,0,0,0,0,0,0,0,1,0,0,0,0,0,0,0,0,0,0,0,0,0,0,0,0,0,2,0,0.36498,0.061192,0.124522,0.227554,0.221752,krogstad
27,0,0,0,0,0,0,0,1,1,0,0,1,1,0,0,0,0,0,0,0,0,0,0,1,0,0,1,0,0,0,0,0,1,1,0,0,0,0,0,1,0,0,0,0,0,0,1,0,0.232969,0.003903,0.459323,0.180282,0.123524,krogstad
28,2,1,1,0,0,1,1,0,0,0,0,0,0,0,0,0,2,1,0,0,1,0,0,1,0,1,0,0,1,1,0,0,0,0,1,0,0,0,0,1,1,0,0,0,0,0,1,0,0.055456,0.001494,0.000086,0.909617,0.033348,krogstad
29,1,0,0,0,0,0,0,0,1,0,0,0,0,0,0,0,1,0,0,1,1,0,0,0,0,0,0,0,0,2,0,0,0,2,0,0,0,0,0,1,0,0,0,0,0,0,1,0,0.023191,0.276232,0.03521,0.489645,0.175721,krogstad
30,0,0,0,0,1,0,0,0,0,0,0,0,0,0,0,0,0,0,0,0,0,0,0,0,0,0,0,0,0,0,0,0,0,0,0,0,0,0,0,0,0,0,1,0,0,0,1,0,0.101693,0.285377,0.140684,0.169156,0.303091,krogstad
31,1,0,0,0,0,0,0,0,1,0,0,0,0,0,0,0,2,0,1,0,0,0,0,0,0,0,0,0,1,1,0,0,0,0,2,0,0,0,0,1,0,0,0,0,0,0,0,0,0.052393,0.030151,0.116358,0.755113,0.045984,krogstad
32,0,0,0,0,0,0,0,0,1,0,0,0,0,0,0,0,1,0,0,0,0,0,0,0,0,0,0,0,0,0,0,0,0,1,2,0,0,0,0,4,0,0,0,0,0,0,1,1,0.053373,0.089964,0.231034,0.570929,0.0547,krogstad
33,0,1,0,3,1,2,0,1,2,1,1,2,1,0,0,0,7,0,2,1,0,1,0,3,2,1,0,0,2,2,0,1,1,3,7,0,0,1,1,5,1,0,0,0,0,0,1,1,0.364624,0.000001,0.136822,0.498553,0,krogstad
34,0,0,0,0,0,0,0,0,0,0,0,0,0,0,0,0,0,0,0,1,1,0,0,0,0,0,0,0,0,0,0,0,0,0,0,0,0,0,0,0,0,0,1,0,0,0,0,0,0.184996,0.217759,0.132675,0.179036,0.285534,krogstad
35,0,0,0,0,0,0,0,0,0,0,0,0,0,1,0,0,2,1,0,0,0,0,0,0,0,0,0,0,0,0,0,0,0,0,0,0,0,0,0,0,0,0,1,0,0,0,0,0,0.246246,0.003641,0.012784,0.501508,0.23582,krogstad
36,0,1,0,1,0,0,0,0,0,0,0,1,0,0,0,0,0,0,0,0,1,0,0,0,0,0,0,0,0,1,0,0,1,1,1,0,0,0,1,0,1,0,0,0,0,0,0,0,0.549207,0.100455,0.121793,0.086512,0.142032,krogstad
37,1,0,0,0,0,0,0,0,0,1,0,0,0,0,0,0,0,0,0,0,0,0,0,1,0,0,0,0,0,0,0,0,0,0,0,0,0,0,0,0,0,0,0,0,0,0,2,0,0.03936,0.063977,0.09555,0.37603,0.425082,krogstad
38,0,0,0,0,0,0,0,0,0,0,0,0,0,0,0,0,2,0,1,0,0,0,0,0,0,0,0,0,0,0,0,0,0,0,0,1,0,0,0,0,1,0,1,0,0,0,0,0,0.114812,0.002556,0.310341,0.372436,0.199856,krogstad
39,0,0,0,0,0,0,0,0,0,1,0,0,0,0,0,0,1,0,0,0,0,0,0,1,0,0,0,0,0,1,1,0,0,0,1,0,0,0,0,0,0,0,2,0,0,0,1,1,0.066239,0.067513,0.0657,0.328074,0.472474,krogstad
40,0,0,0,0,1,0,0,0,1,0,0,0,0,0,0,0,1,1,0,0,2,1,0,1,0,0,0,1,1,0,0,0,1,1,0,0,0,0,0,2,0,0,0,0,0,0,4,0,0.139986,0.000693,0.000359,0.846305,0.012656,krogstad
41,0,0,0,0,0,0,0,0,0,0,0,0,1,0,0,0,1,0,0,0,0,0,0,0,0,0,0,0,0,0,0,0,1,0,0,0,0,0,0,1,0,0,0,0,0,0,0,0,0.168033,0.002418,0.232266,0.278878,0.318406,krogstad
42,0,0,0,0,0,1,0,1,0,0,0,0,0,0,0,0,0,0,0,0,0,0,0,0,0,1,0,0,0,0,1,0,1,0,0,0,0,0,0,1,0,0,0,1,0,0,1,1,0.070663,0.549672,0.078658,0.18291,0.118098,krogstad
43,0,0,0,0,0,0,0,0,0,0,0,1,1,1,0,0,0,1,0,0,1,0,0,0,0,0,0,0,0,0,0,0,0,0,0,0,0,0,0,0,0,0,0,0,0,0,2,1,0.340759,0.000875,0.011582,0.531499,0.115285,krogstad
44,0,0,0,0,0,1,0,0,0,0,0,1,0,0,0,0,3,0,1,3,1,1,0,1,0,1,0,1,0,2,0,0,0,2,3,0,1,0,1,0,1,2,0,0,1,0,2,0,0.032067,0.039095,0.030427,0.583186,0.315224,krogstad
45,0,0,0,0,0,0,0,0,0,0,0,0,0,0,1,0,0,0,0,0,0,0,0,0,0,0,0,0,0,0,0,0,0,0,0,0,0,0,0,0,1,0,0,0,0,0,0,1,0.16884,0.009123,0.690677,0.098128,0.033232,krogstad
46,2,0,0,0,0,0,0,1,0,0,0,0,0,1,0,0,1,0,0,0,0,1,1,1,0,0,0,0,0,2,0,0,0,0,0,0,0,0,0,2,0,0,0,0,0,0,3,0,0.130608,0.296936,0.32141,0.251046,0,krogstad
47,1,0,0,0,0,1,0,0,0,0,0,0,0,0,0,0,1,1,0,0,1,0,0,0,0,0,0,0,0,0,0,0,1,0,0,0,0,0,0,1,1,0,0,0,0,0,0,0,0.074912,0.00122,0.007829,0.811299,0.10474,krogstad
48,0,0,0,0,0,0,0,0,0,0,0,0,0,0,0,0,1,0,0,0,1,0,0,1,0,0,0,0,0,0,0,0,0,0,1,0,0,0,0,1,1,0,0,0,0,0,0,0,0.289798,0.004488,0.265014,0.331087,0.109614,krogstad
49,0,1,0,0,0,0,1,0,0,0,0,0,0,0,0,0,0,0,0,2,2,0,0,1,0,0,0,0,0,0,0,0,0,3,0,0,0,0,0,1,0,0,1,0,0,0,1,1,0.078284,0.089173,0.000243,0.5901,0.242201,krogstad
50,0,0,0,0,0,0,0,0,0,0,0,1,0,0,0,0,1,0,0,0,0,0,0,0,0,1,0,0,0,0,0,0,0,0,0,0,0,0,0,0,0,0,0,1,0,0,0,0,0.110222,0.137159,0.165713,0.245145,0.341761,krogstad
51,0,0,0,0,0,0,0,0,0,0,0,0,0,0,0,0,0,0,1,0,0,0,0,0,0,0,0,0,0,0,0,0,0,1,2,0,0,0,1,0,0,0,0,0,0,0,0,1,0.046384,0.369878,0.049658,0.4634,0.07068,krogstad
52,0,0,0,0,0,0,0,0,0,0,0,0,1,1,0,0,1,0,1,0,0,0,0,0,0,1,0,0,0,1,0,0,0,0,0,0,0,0,0,0,0,0,0,0,0,0,0,0,0.088494,0.010739,0.352589,0.316884,0.231294,krogstad
53,0,0,0,0,0,0,0,0,0,0,1,0,0,0,0,0,1,0,0,0,0,0,0,0,0,0,0,0,0,0,0,0,0,0,0,0,0,0,0,0,0,0,0,0,0,1,0,0,0.328526,0.062095,0.360967,0.064783,0.183629,krogstad
54,0,0,0,0,0,0,0,0,0,0,1,0,0,0,0,0,0,0,0,0,0,0,0,0,0,0,0,0,0,0,0,0,0,1,0,0,0,0,0,0,0,0,1,0,0,0,1,0,0.129446,0.421409,0.092729,0.186934,0.169481,krogstad
55,0,0,0,1,0,0,0,0,0,0,0,0,0,0,0,0,0,0,0,0,0,0,0,1,0,0,0,0,0,0,0,0,0,0,0,0,0,0,0,2,1,0,0,0,0,0,1,1,0.183619,0.003024,0.713207,0.084294,0.015855,krogstad
56,0,0,0,0,0,0,0,0,1,0,0,0,0,0,0,0,2,0,0,0,0,0,0,1,0,0,0,0,1,0,0,0,0,0,0,0,0,1,0,0,0,0,0,0,0,0,1,0,0.359526,0.010772,0.394829,0.191768,0.043104,krogstad
57,0,0,0,0,0,0,0,0,0,0,0,0,0,0,2,1,3,0,0,1,2,0,0,1,1,2,0,1,0,1,0,0,0,2,0,0,0,0,0,1,0,0,0,3,0,1,0,0,0.148576,0.144978,0.005353,0.701093,0,krogstad
58,1,0,1,2,0,2,0,2,0,0,0,0,0,0,2,0,3,0,1,0,1,1,0,0,0,0,0,2,0,0,0,0,0,0,2,1,1,0,0,0,0,0,0,3,1,0,1,0,0.228,0.124236,0.000149,0.619338,0.028278,krogstad
59,0,0,0,0,1,0,0,0,0,0,0,0,0,0,0,0,0,0,0,0,0,0,0,0,0,0,0,0,0,0,0,0,0,0,0,0,0,0,0,0,0,0,0,0,0,0,1,0,0.14169,0.233762,0.235521,0.138875,0.250152,krogstad
60,0,0,0,0,0,0,0,0,0,0,0,0,0,1,0,0,2,0,0,0,0,1,0,0,0,1,0,0,0,0,0,0,0,1,0,0,0,0,0,0,0,0,0,0,0,0,1,0,0.112412,0.029355,0.0553,0.299481,0.503451,krogstad
61,0,0,0,0,0,0,0,0,0,0,1,0,0,0,0,0,0,0,0,0,0,0,0,0,0,0,0,0,0,0,0,0,0,1,0,0,0,0,0,0,0,0,0,1,0,0,2,0,0.247763,0.289193,0.026718,0.331651,0.104676,krogstad
62,0,0,0,0,0,0,0,0,0,0,0,1,0,0,0,0,1,0,0,0,0,0,0,0,0,0,0,0,0,0,0,0,0,0,0,0,0,0,0,0,0,0,0,1,0,0,1,0,0.285335,0.047229,0.063597,0.247238,0.356602,krogstad
63,1,0,0,0,1,0,0,0,0,0,0,0,0,0,0,0,0,0,0,1,0,0,0,0,0,0,0,0,0,0,0,0,0,1,0,0,0,0,0,0,0,0,0,0,0,0,1,0,0.041715,0.262941,0.114683,0.268233,0.312428,krogstad
64,0,0,0,0,0,0,0,0,0,0,0,0,0,0,0,0,0,0,0,0,0,0,0,1,0,0,0,0,0,0,0,0,0,0,0,0,0,0,0,0,0,0,0,0,0,0,0,0,0.19784,0.055908,0.321348,0.224526,0.200378,krogstad
65,0,0,0,0,0,0,0,0,0,0,0,0,0,0,0,0,0,0,0,0,0,0,0,0,0,0,0,0,1,0,0,0,0,0,0,0,0,0,0,0,0,1,1,0,0,0,0,0,0.315581,0.193722,0.120916,0.182651,0.187129,krogstad
66,0,0,0,1,0,0,0,0,0,0,0,0,0,0,0,0,1,0,1,0,0,0,0,0,0,0,0,0,0,0,0,0,0,0,1,0,0,0,0,0,1,0,0,0,0,0,0,1,0.202725,0.009406,0.489367,0.265969,0.032532,krogstad
67,0,0,0,0,0,0,0,0,0,0,0,0,0,0,0,0,0,0,0,0,0,0,0,0,0,0,0,1,0,0,0,0,0,0,0,0,0,0,0,0,0,0,0,0,0,0,0,0,0.185649,0.33783,0.295331,0.137844,0.043346,krogstad
68,1,0,0,0,0,0,0,0,0,0,0,0,0,0,0,0,1,0,0,0,0,0,0,0,0,0,0,0,0,0,0,0,0,0,0,0,0,0,0,0,0,0,0,0,0,0,0,0,0.065617,0.109474,0.221514,0.289876,0.313519,krogstad
69,1,0,0,0,1,0,1,0,0,0,0,0,0,0,0,0,0,0,0,0,0,0,0,0,0,0,0,0,0,0,0,0,0,0,1,0,0,0,0,0,0,0,0,0,0,0,0,0,0.099298,0.516805,0.012132,0.173734,0.198031,krogstad
70,1,0,0,0,0,0,0,1,0,1,0,0,0,0,0,0,0,0,0,1,2,1,0,0,0,0,1,0,0,0,0,0,0,0,1,0,1,0,0,0,0,0,0,1,0,0,0,0,0.176094,0.077054,0.007003,0.424761,0.315087,krogstad
71,3,1,0,0,0,0,0,0,0,0,0,0,0,0,0,0,0,0,0,0,0,0,0,0,0,0,0,0,0,0,0,0,0,0,1,0,1,0,0,2,2,0,1,0,0,0,0,0,0.011727,0.003614,0.287363,0.644529,0.052767,krogstad
72,5,1,0,0,0,0,0,0,0,0,0,0,0,1,1,0,1,0,0,1,0,1,1,1,0,0,0,0,0,1,0,0,0,0,0,0,0,0,0,1,0,1,1,0,0,0,3,0,0.004709,0.454958,0.063174,0.477159,0,krogstad
73,2,0,0,1,0,0,0,1,0,0,0,0,0,1,0,0,2,0,2,1,0,0,0,0,0,0,0,0,1,0,0,0,0,0,1,0,0,0,0,1,0,0,0,0,0,0,0,1,0.049682,0.011834,0.184658,0.725115,0.028711,krogstad
74,0,0,0,0,0,2,1,0,0,0,0,0,0,0,0,0,0,1,0,0,1,0,0,1,0,0,0,0,0,0,0,0,0,0,1,0,0,0,0,1,0,0,0,0,0,0,3,0,0.150022,0.04349,0.000057,0.50883,0.297601,krogstad
75,0,0,0,0,0,0,0,0,0,0,0,0,0,0,0,0,1,0,0,1,0,0,0,0,0,0,0,1,0,0,0,0,1,1,1,1,0,0,0,2,0,0,0,0,0,0,1,1,0.065661,0.115811,0.229115,0.564309,0.025105,krogstad
76,1,0,0,0,0,2,0,0,0,0,0,0,0,0,0,0,1,0,1,0,0,0,0,0,0,0,0,0,0,0,0,0,0,0,0,0,0,0,0,0,0,0,0,0,0,0,0,0,0.016898,0.114675,0.020214,0.437648,0.410564,krogstad
77,0,0,1,0,2,0,0,0,0,0,0,0,0,1,0,0,2,0,1,0,1,0,0,0,0,0,0,0,0,0,0,0,0,0,1,1,0,0,1,0,0,0,0,0,0,1,3,1,0.212711,0.223803,0.024996,0.296985,0.241504,krogstad
78,0,0,0,0,0,0,0,0,0,0,0,0,0,1,0,0,1,0,0,0,0,0,0,0,0,0,0,0,0,0,0,0,1,0,0,0,0,0,0,0,0,0,0,0,0,0,0,0,0.305111,0.066268,0.224628,0.22088,0.183113,krogstad
79,1,0,0,0,0,0,0,0,0,0,0,0,0,0,0,0,0,0,0,0,0,0,0,0,0,0,0,0,0,0,0,0,0,0,0,0,0,0,0,0,0,0,0,0,1,0,1,0,0.038953,0.199911,0.363477,0.121441,0.276217,krogstad
80,0,0,0,0,0,0,0,0,1,0,0,1,0,0,0,1,0,0,0,0,1,0,0,2,0,0,0,0,0,0,0,0,0,2,0,0,0,0,0,1,0,0,0,0,0,0,2,0,0.076814,0.034128,0.064255,0.280889,0.543915,krogstad
81,0,0,0,0,0,0,0,0,0,0,0,0,0,0,0,0,0,0,0,0,0,0,0,0,0,0,0,0,0,0,0,0,0,0,0,0,0,0,0,0,0,0,0,0,0,0,1,0,0.178509,0.205843,0.22344,0.148079,0.244129,krogstad
82,0,0,0,0,0,0,0,0,0,0,0,0,0,0,0,0,0,0,1,0,0,0,0,0,0,0,0,0,0,0,0,0,0,0,0,0,0,0,0,0,0,0,0,0,0,0,0,0,0.150107,0.112695,0.25049,0.238234,0.248474,krogstad
83,2,1,0,2,1,2,0,1,2,2,0,0,0,2,0,2,3,0,3,4,8,1,0,1,0,0,1,1,0,6,2,1,0,4,6,0,1,1,0,2,1,2,0,0,0,0,1,5,0.00368,0.238352,0.000051,0.744766,0.013152,krogstad
84,1,0,0,1,0,1,0,0,0,0,0,2,0,1,0,0,2,0,0,3,1,0,0,0,0,0,0,0,0,0,0,0,1,2,0,0,1,0,0,0,0,0,0,0,0,0,0,0,0.037809,0.019883,0.017653,0.082858,0.841796,krogstad
85,1,0,0,0,0,0,0,0,0,0,0,0,0,0,0,0,0,0,0,0,0,0,0,0,0,0,0,0,0,0,0,0,0,0,0,0,0,0,0,0,0,0,0,0,1,0,0,0,0.04012,0.154088,0.44974,0.114258,0.241795,krogstad
86,0,0,0,1,0,0,0,0,0,0,0,0,0,1,0,0,0,0,1,0,0,0,0,0,0,0,0,0,0,1,0,0,0,1,1,0,0,0,0,1,0,0,0,0,0,0,1,0,0.226051,0.360793,0.085773,0.165503,0.161879,krogstad
87,1,0,1,0,0,0,0,0,0,0,0,1,0,0,0,0,1,0,0,0,0,0,0,0,0,0,0,1,0,0,0,0,0,0,0,0,0,0,0,0,0,0,0,0,0,0,0,1,0.123455,0.284052,0.205071,0.352638,0.034784,krogstad
88,0,0,0,0,0,0,0,0,0,0,0,0,0,0,0,0,0,0,0,0,1,0,0,0,0,0,0,0,0,0,0,0,0,0,0,0,0,0,0,0,1,0,0,0,0,0,0,1,0.253684,0.023287,0.377165,0.302581,0.043284,krogstad
89,0,0,0,0,0,0,0,0,0,0,0,0,0,1,0,0,1,1,2,0,1,0,0,0,0,0,1,0,1,1,0,0,1,0,0,0,1,0,0,1,0,1,0,0,2,0,2,2,0.086508,0.005987,0.038065,0.839251,0.030188,krogstad
90,1,0,0,0,0,0,0,0,1,0,0,1,0,1,0,0,0,0,1,0,0,0,0,0,1,0,0,0,0,0,0,0,1,1,1,0,0,0,0,2,0,0,0,0,0,1,1,0,0.183704,0.164807,0.395837,0.255651,0,krogstad
91,0,0,0,0,0,0,0,0,0,0,0,0,0,0,0,0,0,0,0,0,0,0,0,0,0,0,0,0,0,0,0,0,0,0,1,0,0,0,0,0,0,0,0,0,0,0,0,0,0.173575,0.243963,0.21405,0.180765,0.187647,krogstad
92,0,0,0,1,0,0,0,1,0,0,0,0,0,0,0,1,0,0,0,1,2,0,0,0,0,0,0,0,0,0,0,0,0,1,0,0,0,0,0,0,0,0,0,0,0,0,0,0,0.19739,0.364332,0.06552,0.032591,0.340166,krogstad
93,0,0,0,0,0,0,0,0,1,0,0,0,0,1,0,0,1,0,0,1,1,0,0,0,0,0,0,0,0,0,0,0,0,0,1,1,0,0,0,1,0,0,0,1,0,0,2,0,0.348502,0.084574,0.055119,0.455342,0.056463,krogstad
94,4,1,2,3,0,0,0,1,0,0,0,2,1,2,0,0,11,0,4,0,0,0,0,2,2,1,0,2,1,0,2,0,0,2,2,0,0,0,0,6,1,0,0,1,1,0,2,2,0.062639,0,0.042438,0.894922,0,krogstad
95,1,0,0,0,0,0,0,0,0,0,0,0,0,0,0,0,0,0,0,0,0,0,0,1,0,0,0,1,0,0,0,0,0,0,1,0,0,0,0,1,0,0,0,0,0,0,2,1,0.03157,0.202425,0.159449,0.593715,0.01284,krogstad
96,0,0,0,0,0,0,0,0,0,0,0,0,0,0,0,0,0,0,0,0,0,0,0,0,0,0,0,0,0,0,0,0,0,0,0,0,0,0,0,0,0,0,0,0,0,0,0,0,0.18915,0.163228,0.284429,0.143332,0.21986,krogstad
97,0,0,0,0,0,0,0,0,0,0,0,0,0,0,0,0,0,0,0,0,0,0,0,0,0,0,1,0,0,0,0,0,0,1,0,0,0,0,0,0,0,0,0,0,0,0,0,0,0.2027,0.317567,0.167144,0.108772,0.203817,krogstad
98,0,0,0,0,0,0,0,0,0,0,0,0,0,1,0,0,1,1,2,1,4,0,0,0,0,1,1,1,0,2,0,1,1,1,3,0,0,0,0,1,0,0,0,0,0,0,1,0,0.0385,0.134408,0.000703,0.641028,0.185362,krogstad
99,0,0,0,0,0,0,0,0,0,0,0,0,0,0,0,0,1,0,0,0,0,0,0,0,0,0,0,0,0,0,0,0,0,0,0,0,0,0,0,1,0,0,0,0,0,0,0,0,0.169682,0.059989,0.317024,0.155322,0.297983,krogstad
1,1,1,1,0,0,0,0,0,0,0,0,0,0,1,0,0,3,0,1,1,1,0,0,0,0,2,1,0,0,2,0,1,0,0,2,0,0,0,0,1,0,0,0,0,0,0,0,0,0.01359,0.184401,0.119365,0.073088,0.609556,rank
2,1,0,0,0,0,0,0,0,0,1,0,0,0,1,0,0,0,1,0,1,0,0,0,0,0,0,1,0,0,1,1,2,0,1,0,0,1,0,0,0,0,0,0,0,0,0,4,0,0.000745,0.000059,0.000169,0.000282,0.998745,rank
3,0,0,0,0,1,0,0,0,0,0,0,0,0,0,0,0,0,0,0,0,0,0,0,1,0,0,0,0,0,0,0,0,1,0,0,0,0,1,0,0,0,0,0,1,0,0,2,0,0.317752,0.115557,0.086261,0.378338,0.102091,rank
4,0,1,0,1,0,0,1,0,0,1,0,0,0,0,0,0,0,0,0,0,0,1,0,1,0,0,0,0,1,0,0,0,1,1,0,0,0,0,0,0,0,1,0,0,0,0,3,0,0.631862,0.010624,0.000368,0.104246,0.2529,rank
5,0,0,0,0,0,0,0,0,0,0,0,0,1,1,0,0,0,0,0,0,0,0,0,0,0,0,0,1,0,2,1,0,0,1,2,0,0,0,0,0,0,0,0,0,0,0,0,0,0.50974,0.131201,0.105297,0.171368,0.082393,rank
6,0,0,0,1,0,0,0,0,0,0,0,1,0,1,0,0,0,0,3,2,0,0,0,1,0,0,0,0,0,0,0,1,0,1,0,0,1,0,1,2,0,0,0,0,1,0,0,0,0.013941,0.000376,0.21117,0.005738,0.768775,rank
7,0,0,0,0,0,0,0,0,0,0,0,0,0,0,0,0,1,0,0,0,0,0,0,0,0,0,0,0,0,0,0,0,0,0,0,0,0,0,0,0,0,0,0,0,0,0,0,1,0.128034,0.075354,0.338416,0.336024,0.122173,rank
8,1,0,0,0,0,0,0,0,0,1,1,0,0,0,0,0,2,0,0,2,2,0,0,1,0,0,0,0,0,0,0,0,0,0,2,0,0,0,0,0,0,0,1,0,0,0,1,1,0.025036,0.028895,0.027811,0.853736,0.064523,rank
9,0,0,0,0,0,0,0,1,0,0,0,0,0,0,0,0,0,0,0,1,1,0,0,0,0,0,0,0,0,0,0,0,0,1,1,0,0,0,0,1,0,0,0,0,0,1,0,0,0.218182,0.17018,0.081919,0.105391,0.424328,rank
10,0,0,0,0,0,0,0,0,0,0,0,0,0,1,0,0,1,0,0,0,0,0,0,0,0,0,0,0,0,0,0,0,0,1,0,1,0,0,0,2,0,0,0,0,1,0,1,0,0.104865,0.04541,0.333813,0.108405,0.407507,rank
11,0,0,0,0,0,0,0,0,0,0,0,0,0,0,0,0,0,0,0,1,1,0,0,0,0,0,0,0,0,0,0,0,0,0,0,0,0,0,0,0,0,0,1,0,0,0,0,0,0.184996,0.217759,0.132675,0.179036,0.285534,rank
12,0,0,0,0,0,0,0,0,0,0,0,0,0,0,0,0,0,0,0,0,0,0,0,0,0,0,0,0,0,0,0,0,0,0,0,0,0,0,0,0,0,0,0,0,0,0,0,0,0.18915,0.163228,0.284429,0.143332,0.21986,rank
13,1,0,1,0,0,2,0,0,0,0,0,1,1,1,0,1,3,1,0,0,0,0,0,1,0,0,0,0,0,1,0,0,0,0,0,0,0,0,2,1,0,0,1,0,0,0,1,0,0.073508,0.000307,0.000881,0.197015,0.728289,rank
14,0,0,0,1,0,4,1,0,0,2,0,0,0,0,0,0,1,0,1,0,0,0,0,0,0,0,0,0,0,0,0,3,0,0,1,0,0,0,1,0,1,0,0,0,0,0,0,0,0.000023,0.000001,0.000001,0.000008,0.999967,rank
15,1,0,0,0,2,0,0,0,0,0,0,0,0,0,0,0,0,0,0,1,1,0,0,0,0,0,0,0,0,0,0,0,0,0,0,0,0,0,0,0,0,0,0,0,0,0,1,0,0.051003,0.35447,0.147446,0.194213,0.252868,rank
16,0,0,0,0,0,0,0,0,0,0,0,0,0,0,0,0,1,0,0,1,1,0,0,0,0,0,0,0,0,0,0,0,1,1,0,0,0,0,0,1,0,0,0,0,0,0,1,0,0.12465,0.082986,0.06068,0.303409,0.428275,rank
17,0,0,0,0,0,0,0,0,1,0,0,0,0,0,0,0,0,0,0,0,0,0,0,1,0,0,1,0,0,0,0,0,0,0,0,0,0,0,0,0,0,0,0,0,0,0,0,0,0.195992,0.06672,0.607763,0.095289,0.034236,rank
18,0,0,0,0,0,0,0,0,0,0,0,0,0,0,0,0,0,0,0,1,0,0,0,0,0,0,0,0,0,0,0,0,0,0,0,0,1,0,0,0,0,0,1,0,0,0,0,1,0.073992,0.157756,0.291684,0.328363,0.148204,rank
19,0,0,0,0,1,0,0,0,0,0,0,0,0,0,0,0,0,0,0,0,0,0,0,0,0,0,0,0,0,0,0,0,0,0,0,0,0,0,0,0,0,0,0,0,0,0,1,0,0.14169,0.233762,0.235521,0.138875,0.250152,rank
20,0,1,0,1,0,0,0,1,0,0,0,0,0,0,0,0,0,0,0,0,1,0,0,0,0,0,0,0,0,0,0,0,0,0,0,0,0,0,0,2,0,0,0,0,0,0,0,0,0.369421,0.176587,0.237699,0.045682,0.170611,rank
21,0,0,0,0,0,0,0,0,0,0,0,0,0,0,0,0,0,0,0,0,0,0,0,0,0,0,0,0,0,0,0,0,0,0,0,0,1,0,0,0,0,0,0,0,0,0,1,0,0.097124,0.220025,0.169427,0.157091,0.356332,rank
22,1,0,0,0,1,2,0,1,0,0,0,0,0,1,0,0,1,0,2,1,1,0,0,2,0,1,0,0,0,0,1,0,0,3,1,0,0,0,0,1,0,0,0,0,0,0,2,0,0.001384,0.04806,0.000559,0.438737,0.511261,rank
23,0,0,0,0,0,0,0,0,0,0,0,0,0,1,0,0,1,0,0,0,0,0,0,0,0,2,0,0,0,0,0,0,0,1,0,0,0,0,0,0,0,0,0,0,0,1,0,0,0.021091,0.399375,0.182358,0.075843,0.321333,rank
24,0,0,0,0,0,0,0,0,0,0,0,0,0,0,0,0,1,1,0,1,2,0,0,0,0,0,0,1,0,0,0,0,1,0,0,0,0,0,0,2,0,1,1,0,1,0,4,0,0.158532,0.097356,0.009669,0.523294,0.211148,rank
25,0,0,0,0,0,0,0,0,0,0,0,0,0,0,0,0,0,0,0,0,0,0,0,0,0,0,0,0,0,0,0,0,0,0,0,0,0,0,0,0,0,0,0,0,0,0,0,0,0.18915,0.163228,0.284429,0.143332,0.21986,rank
26,0,0,0,0,0,0,0,0,0,0,0,0,0,0,0,0,0,0,0,0,0,0,0,0,0,0,0,0,0,0,0,0,0,0,0,0,0,0,0,0,0,0,0,0,0,0,1,0,0.178509,0.205843,0.22344,0.148079,0.244129,rank
27,0,0,0,0,0,0,0,0,0,0,0,0,0,0,0,0,0,0,0,0,0,0,0,0,0,0,0,0,0,0,0,0,0,0,0,0,0,0,0,0,0,0,0,0,0,0,0,0,0.18915,0.163228,0.284429,0.143332,0.21986,rank
28,0,0,0,0,0,0,0,0,0,0,0,0,0,1,0,1,4,0,0,0,0,0,0,0,0,0,0,0,0,0,1,0,0,0,1,0,0,1,0,0,0,0,0,0,0,0,1,0,0.2791,0.015373,0.195848,0.016065,0.493613,rank
29,0,0,0,0,0,0,0,0,0,0,0,0,0,0,0,1,1,0,0,0,0,0,0,0,0,0,0,0,0,0,0,0,0,0,0,0,0,0,0,0,0,0,1,0,0,0,0,0,0.105041,0.08319,0.196329,0.091992,0.523448,rank
30,0,0,0,0,0,2,0,0,0,0,0,0,0,1,0,0,0,0,0,0,0,0,0,0,0,0,0,0,0,0,0,0,0,1,0,0,0,0,0,1,1,0,0,0,0,0,1,0,0.278563,0.061741,0.051375,0.34611,0.262212,rank
31,1,0,0,0,0,1,0,0,0,1,0,0,0,0,0,0,1,0,0,0,0,0,0,0,0,0,0,0,0,0,0,0,0,0,0,0,0,0,0,0,0,0,0,0,0,1,2,0,0.018336,0.04734,0.014177,0.109326,0.810822,rank
32,0,0,0,1,0,0,0,0,0,0,0,0,0,0,0,0,0,0,0,0,0,0,0,0,0,0,0,0,0,0,0,0,0,0,0,1,0,0,0,0,0,0,0,0,0,0,0,0,0.200071,0.176691,0.410555,0.059016,0.153668,rank
33,0,0,0,0,0,0,0,0,0,0,0,1,0,0,0,0,0,0,0,0,0,0,0,0,0,0,0,0,0,0,0,1,0,0,1,0,0,0,0,0,0,0,0,0,0,0,0,1,0.05064,0.019501,0.286162,0.042655,0.601042,rank
34,0,0,0,0,0,0,0,0,0,0,0,0,0,0,0,0,0,0,0,0,0,0,0,0,0,0,0,0,0,0,0,0,0,1,0,0,0,0,0,0,0,1,0,0,0,0,1,0,0.089823,0.382128,0.059165,0.143516,0.325369,rank
35,1,0,0,0,0,0,0,0,0,0,0,1,0,0,0,0,0,0,0,1,0,0,0,0,0,0,0,0,0,0,0,0,0,1,0,0,0,0,0,0,0,0,0,0,0,0,0,0,0.065699,0.129379,0.196789,0.177934,0.430199,rank
36,0,0,0,0,0,0,0,0,0,0,1,0,1,0,0,0,0,0,0,0,0,1,0,1,0,0,0,0,0,1,0,0,0,0,0,0,0,0,1,0,0,0,1,0,0,0,3,0,0.483247,0.004744,0.084357,0.243774,0.183878,rank
37,0,0,0,0,0,0,0,0,0,0,0,0,0,1,0,0,2,0,0,1,1,0,0,0,0,0,0,0,0,0,0,0,0,0,0,0,0,0,0,0,0,0,0,0,0,0,0,0,0.361688,0.03441,0.157234,0.179372,0.267296,rank
38,1,0,0,0,0,0,0,0,0,0,0,1,0,0,0,0,2,0,1,1,1,0,0,0,0,0,0,0,0,0,0,0,0,0,0,0,0,0,0,0,0,0,0,0,0,0,0,0,0.051201,0.018744,0.13004,0.259139,0.540877,rank
39,0,0,0,0,0,0,0,0,0,0,0,0,0,0,0,0,0,0,0,1,0,0,0,0,0,0,0,0,0,0,0,0,0,0,0,0,1,0,0,0,0,0,0,0,0,0,0,0,0.128696,0.124547,0.340658,0.129644,0.276457,rank
40,0,0,0,0,0,0,0,0,0,0,0,0,0,0,0,0,0,0,0,0,1,0,0,0,0,0,1,0,0,0,0,0,0,1,0,0,0,0,0,0,1,0,0,0,0,0,1,0,0.450082,0.077383,0.170697,0.160322,0.141515,rank
41,0,0,0,0,0,0,0,0,0,0,0,0,0,0,0,0,0,0,0,0,0,0,0,0,0,0,0,0,0,0,0,0,0,0,0,0,0,0,0,0,0,0,0,0,0,2,0,0,0.265514,0.047821,0.153371,0.035275,0.49802,rank
42,0,0,0,1,0,0,0,0,0,0,0,0,0,0,0,0,0,0,0,0,0,0,0,0,0,0,0,0,0,0,0,0,0,0,0,0,0,0,0,1,0,0,0,0,0,1,0,0,0.315183,0.092004,0.306148,0.028621,0.258044,rank
43,0,0,0,0,0,0,0,0,0,0,0,1,0,0,0,0,0,0,0,0,0,0,0,0,0,0,0,0,0,0,0,0,0,1,0,0,0,0,0,0,0,0,0,0,0,0,1,0,0.122574,0.153898,0.105872,0.121989,0.495666,rank
44,0,0,0,2,1,1,0,0,0,0,0,0,0,0,0,1,3,1,2,0,0,0,0,0,0,0,0,0,0,0,0,0,0,0,0,0,0,0,0,1,0,0,0,0,0,1,2,1,0.116861,0.001927,0.0127,0.199774,0.668738,rank
45,1,1,0,2,3,2,1,0,0,0,0,0,0,0,0,0,2,0,0,1,0,0,0,0,0,1,0,0,0,1,0,1,1,1,1,0,0,0,1,1,0,0,0,0,1,0,0,0,0.001597,0.106644,0.001468,0.0024,0.887891,rank
46,3,1,0,0,0,0,1,0,1,0,0,0,0,0,3,0,0,0,0,0,0,1,0,0,0,0,0,0,0,3,0,0,0,1,1,0,0,0,0,0,0,0,0,0,0,0,1,0,0.030845,0.451699,0.004879,0.198481,0.314096,rank
47,1,0,0,2,0,1,0,1,0,1,0,0,0,0,0,0,2,0,0,0,2,3,0,1,0,0,1,0,2,0,0,1,0,1,0,0,1,0,1,0,1,0,0,1,0,0,5,0,0.451284,0.000004,0.000025,0.030973,0.517715,rank
48,0,0,0,1,0,0,1,1,0,0,0,0,0,3,0,0,6,0,1,5,2,1,0,0,0,1,0,0,0,3,0,1,1,6,3,0,1,0,0,2,0,0,0,2,0,0,1,0,0.01444,0.000122,0,0.305214,0.680225,rank
49,1,0,0,0,0,0,0,0,0,0,0,0,0,0,0,0,1,0,0,0,0,0,0,0,0,0,0,0,0,0,0,0,0,0,0,0,0,0,0,0,0,0,0,1,1,0,1,0,0.069107,0.085234,0.095341,0.413091,0.337227,rank
50,0,0,0,0,0,1,0,0,0,0,0,0,0,0,0,0,0,0,1,1,0,0,0,0,0,0,0,0,0,0,0,0,0,0,0,0,0,0,0,0,0,0,0,0,0,0,0,1,0.097837,0.117427,0.208514,0.45978,0.116442,rank
51,1,0,0,1,0,2,0,1,1,1,0,0,0,0,0,0,0,0,0,0,0,0,0,0,0,0,0,1,0,1,0,2,0,0,2,0,0,0,0,1,0,1,0,0,0,0,0,0,0.00344,0.088635,0.027614,0.007608,0.872704,rank
52,0,0,0,0,0,0,0,0,1,0,0,0,0,0,0,0,0,0,0,0,0,0,0,0,0,0,0,0,0,0,0,0,0,0,0,0,0,0,0,0,0,0,0,0,0,1,1,0,0.226311,0.144206,0.350221,0.104724,0.174538,rank
53,0,0,0,0,0,0,0,0,0,0,0,0,0,0,0,0,0,0,0,0,1,0,0,0,0,0,0,0,0,0,0,0,1,0,0,0,0,0,0,0,0,0,0,0,0,0,0,0,0.188501,0.220299,0.122598,0.231084,0.237518,rank
54,0,0,0,0,0,0,0,0,0,0,0,1,0,0,0,0,0,0,0,0,0,0,0,1,0,0,0,0,0,0,0,0,0,0,0,0,0,0,0,0,0,0,0,0,0,0,0,0,0.196531,0.033173,0.384458,0.12151,0.264329,rank
55,1,0,1,1,0,2,0,0,0,0,0,0,0,1,0,0,4,0,0,0,1,1,0,0,0,2,0,1,0,0,2,0,0,2,2,1,1,0,0,1,0,0,0,1,1,0,2,0,0.004879,0.366988,0.000198,0.051208,0.576726,rank
56,0,0,0,0,0,0,0,0,0,0,0,0,0,0,1,1,0,0,0,1,1,0,0,0,0,0,0,0,0,0,0,0,0,0,0,0,0,0,0,0,0,0,0,0,0,0,0,0,0.183963,0.107867,0.300859,0.028797,0.378514,rank
57,1,0,1,0,0,0,0,0,1,0,0,1,0,0,0,0,2,0,0,0,0,0,0,1,0,0,0,0,0,1,0,1,0,0,1,0,0,0,0,0,0,0,1,0,0,0,0,0,0.026224,0.006599,0.075414,0.104158,0.787605,rank
58,0,0,1,1,1,0,0,0,0,0,0,0,0,0,0,1,2,0,0,0,1,0,0,0,0,0,0,0,0,0,1,0,0,1,1,0,0,1,0,1,0,0,1,0,0,0,2,0,0.156834,0.327563,0.011735,0.007397,0.496471,rank
59,0,0,0,0,0,0,0,0,1,1,0,0,0,0,0,0,1,0,0,0,0,1,0,0,0,0,0,0,0,0,0,0,0,0,0,0,0,0,0,0,0,0,0,0,0,0,1,0,0.217402,0.012601,0.121862,0.307566,0.34057,rank
60,0,0,0,0,0,0,0,0,0,0,0,0,0,0,0,0,0,0,0,0,0,0,0,0,0,0,0,0,0,0,0,0,0,0,0,0,0,0,0,0,0,0,0,0,0,0,0,0,0.18915,0.163228,0.284429,0.143332,0.21986,rank
61,0,0,0,0,0,0,0,0,0,1,0,1,0,1,0,0,0,0,1,0,1,0,0,0,0,0,0,0,0,0,0,1,0,0,0,0,0,0,1,0,0,1,0,0,0,0,0,0,0.023937,0.007973,0.019569,0.005232,0.943288,rank
62,0,0,0,1,0,0,0,0,0,0,0,1,0,0,0,0,0,0,0,0,0,0,0,0,0,0,0,0,0,0,0,0,0,0,1,0,0,0,0,0,0,0,0,0,0,0,0,0,0.250931,0.200478,0.307083,0.045005,0.196503,rank
63,0,0,0,0,0,0,0,0,0,0,0,0,0,1,0,0,2,0,0,0,1,0,0,0,0,0,1,0,0,0,0,0,0,1,1,0,0,0,0,0,1,0,0,0,0,0,0,0,0.553366,0.015942,0.104309,0.215209,0.111173,rank
64,0,0,0,0,0,0,1,1,0,0,0,0,0,0,0,0,1,0,0,0,0,0,0,0,0,0,0,0,0,0,0,0,0,0,1,0,0,0,0,0,0,0,0,0,0,0,0,0,0.38487,0.214449,0.018003,0.128485,0.254192,rank
65,0,0,0,1,0,0,0,0,0,0,0,1,0,0,0,0,0,1,0,0,0,0,0,1,0,0,0,0,0,0,0,0,0,0,1,0,0,0,0,1,0,2,0,0,0,0,2,0,0.413956,0.045158,0.033265,0.168047,0.339574,rank
66,0,0,0,1,0,0,0,0,0,0,0,0,0,0,0,0,0,0,0,0,0,0,0,0,0,0,0,0,1,0,0,0,0,0,0,0,0,0,0,0,0,0,0,0,0,0,1,0,0.527698,0.119665,0.181426,0.071205,0.100006,rank
67,0,0,0,1,0,0,0,0,0,0,0,0,0,0,0,0,0,0,0,0,0,0,0,0,0,0,0,0,0,0,0,0,0,0,0,0,0,0,0,0,0,0,0,0,0,0,1,0,0.241719,0.265264,0.249306,0.063386,0.180325,rank
68,0,0,0,0,0,0,0,0,0,0,0,0,0,0,0,0,0,0,0,0,0,0,0,0,0,0,0,0,0,1,0,0,0,1,0,0,0,0,0,0,0,0,0,0,0,0,0,0,0.122815,0.282,0.112894,0.204106,0.278185,rank
69,0,0,0,0,0,0,0,0,0,0,0,1,0,0,0,0,0,0,0,0,0,0,0,0,0,0,0,0,0,0,0,0,0,0,0,0,0,0,0,0,0,0,1,0,0,0,0,0,0.149469,0.131044,0.225288,0.104719,0.38948,rank
70,1,0,0,0,1,0,0,0,0,0,0,0,0,0,0,0,1,0,0,0,0,0,0,0,0,0,0,0,0,0,0,0,0,0,0,0,0,0,0,0,0,0,0,0,0,0,1,0,0.047864,0.152668,0.178613,0.273495,0.34736,rank
71,1,0,0,0,0,0,0,0,0,0,0,1,0,0,0,0,0,0,0,0,1,0,0,0,0,2,0,0,0,0,0,0,0,0,1,0,0,0,0,1,0,0,0,0,0,0,0,0,0.002168,0.737153,0.133143,0.042406,0.08513,rank
72,1,0,0,0,0,0,0,0,0,0,0,0,0,0,0,0,1,0,0,0,1,0,0,0,0,0,0,0,0,1,0,0,1,1,0,0,0,0,0,1,0,0,0,0,0,0,0,0,0.031993,0.149646,0.036119,0.454003,0.328239,rank
73,0,0,0,1,2,2,0,0,0,1,0,0,0,1,1,0,1,0,2,0,0,1,0,0,0,0,0,0,0,2,1,0,0,1,3,0,2,0,0,1,0,0,0,0,0,1,1,1,0.01015,0.026881,0.000761,0.059116,0.903093,rank
74,1,0,0,0,1,0,0,0,0,0,0,0,0,0,0,0,0,0,0,2,0,0,0,0,0,0,0,0,0,0,0,0,0,2,1,0,1,0,0,0,0,0,0,0,0,1,1,0,0.016879,0.161843,0.023789,0.182853,0.614635,rank
75,0,0,0,0,0,0,0,0,0,0,0,0,0,0,0,1,0,0,1,0,0,0,0,0,0,0,0,0,0,0,0,0,0,0,1,0,0,0,0,0,0,0,0,0,0,0,0,0,0.123804,0.155118,0.257589,0.137826,0.325663,rank
76,0,0,0,0,0,0,0,0,0,0,1,0,0,0,1,0,0,0,0,1,0,0,0,0,0,0,0,0,0,0,0,1,0,0,1,0,0,1,0,0,0,0,0,0,0,0,1,0,0.119448,0.039096,0.624539,0.00468,0.212237,rank
77,0,0,0,0,0,0,0,0,1,0,0,0,0,0,0,0,2,0,0,0,0,0,0,0,0,0,0,0,0,0,0,0,1,0,0,0,0,0,0,0,1,0,0,0,0,0,0,0,0.164586,0.002684,0.553082,0.238185,0.041463,rank
78,0,0,1,1,0,0,0,1,0,0,0,0,0,0,0,0,1,0,0,0,0,0,0,0,0,0,0,0,0,0,0,0,0,0,0,0,0,0,0,2,0,0,1,0,0,0,0,0,0.401235,0.161304,0.166001,0.061457,0.210003,rank
79,0,0,0,0,0,0,0,0,0,0,0,0,0,0,0,0,0,0,0,1,0,0,0,0,0,0,0,0,0,0,0,0,0,1,0,0,0,0,0,0,0,1,1,0,0,0,0,0,0.098112,0.30329,0.081614,0.165695,0.351288,rank
80,0,0,0,0,0,0,0,0,0,0,0,0,0,0,0,0,0,0,0,0,0,0,0,0,0,0,0,0,0,0,0,0,0,1,1,1,0,0,0,0,1,0,0,0,0,0,0,0,0.207621,0.033442,0.295887,0.32213,0.14092,rank
81,0,0,0,0,0,0,0,0,0,0,0,0,0,0,1,0,0,0,0,0,0,0,0,0,0,0,0,0,0,0,0,0,0,0,0,0,0,0,0,0,0,0,0,0,0,0,0,0,0.180857,0.129056,0.339491,0.073708,0.276889,rank
82,0,0,0,0,0,0,0,0,2,0,0,1,0,1,0,0,2,0,0,0,1,0,0,0,0,0,0,0,0,0,0,0,1,0,0,0,0,0,0,1,0,0,1,0,0,0,0,0,0.204819,0.038056,0.339023,0.324421,0.093681,rank
83,0,0,0,0,0,0,0,0,0,0,0,0,0,1,0,0,1,0,0,0,0,0,0,0,0,0,1,0,0,1,0,0,0,1,0,0,0,0,0,0,0,0,0,0,0,0,0,0,0.347738,0.207607,0.157114,0.121125,0.166415,rank
84,0,0,0,0,0,0,0,0,0,1,0,0,0,0,0,0,0,0,0,0,1,0,0,0,0,0,0,0,0,0,0,0,0,0,0,0,0,0,0,0,0,1,0,0,0,0,1,0,0.092341,0.265612,0.045456,0.118882,0.477709,rank
85,0,1,0,1,0,0,0,1,0,1,0,0,0,0,0,0,0,0,0,1,2,0,0,1,0,0,0,0,0,0,0,0,0,0,0,0,0,0,0,0,0,0,0,0,1,0,0,0,0.261658,0.057708,0.200541,0.061523,0.41857,rank
86,1,0,0,0,0,0,0,0,0,0,0,0,0,0,0,0,0,1,0,1,0,0,0,0,0,0,0,0,0,1,0,0,0,0,0,0,1,0,0,0,0,0,0,0,0,1,0,0,0.113217,0.019657,0.037241,0.378401,0.451483,rank
87,0,0,0,0,0,0,0,0,0,0,0,1,0,0,0,0,0,0,0,0,0,0,0,1,0,0,0,0,0,0,0,0,1,0,0,0,0,0,0,0,0,0,0,0,0,0,1,0,0.189961,0.041303,0.294886,0.188447,0.285403,rank
88,0,0,2,0,0,0,0,1,0,0,0,1,0,0,0,0,2,0,1,0,0,0,0,0,0,1,0,0,0,0,0,0,0,0,0,0,0,0,2,0,0,0,0,2,0,1,0,0,0.543212,0.141728,0.003961,0.111001,0.200097,rank
89,0,0,0,0,0,2,0,0,0,1,0,0,0,0,0,0,2,0,0,0,1,0,0,0,0,0,0,0,0,2,0,0,0,0,0,0,0,0,0,0,0,0,0,0,0,0,1,0,0.025863,0.101523,0.004862,0.188152,0.6796,rank
90,1,0,0,0,0,0,0,0,0,0,2,1,0,1,0,0,0,0,1,0,0,0,0,2,0,0,0,0,0,0,0,0,0,1,0,0,0,0,0,1,0,0,0,0,0,2,2,0,0.364046,0.013964,0.283394,0.136965,0.201631,rank
91,0,0,0,0,0,0,0,0,0,0,0,0,0,0,0,0,0,0,0,0,0,0,0,0,0,0,0,0,0,0,0,0,0,0,0,0,0,0,0,0,0,0,0,0,0,0,1,0,0.178509,0.205843,0.22344,0.148079,0.244129,rank
92,2,0,0,0,0,0,0,0,0,0,0,0,0,0,0,0,0,0,0,0,0,0,0,0,0,0,0,1,0,0,0,1,0,0,0,0,0,0,0,0,0,2,0,0,0,0,0,0,0.01047,0.372563,0.156029,0.064931,0.396008,rank
93,0,0,0,0,0,0,0,0,0,0,0,0,0,0,0,0,0,0,0,0,0,0,0,0,0,0,0,0,0,0,0,0,0,0,0,0,0,0,0,0,0,0,0,0,0,0,0,0,0.18915,0.163228,0.284429,0.143332,0.21986,rank
94,0,0,0,0,0,0,0,0,0,0,0,0,0,0,0,0,0,0,0,0,0,0,0,0,0,0,0,0,0,0,0,0,0,0,0,0,0,0,0,0,0,0,0,0,0,0,0,0,0.18915,0.163228,0.284429,0.143332,0.21986,rank
95,1,0,0,0,0,0,0,0,1,0,0,1,1,0,0,0,1,0,0,0,0,0,0,0,0,0,0,1,0,0,0,0,0,0,0,0,0,0,0,0,0,0,0,0,0,0,0,0,0.081333,0.008728,0.541552,0.316088,0.052298,rank
96,0,0,0,0,0,0,0,0,0,0,0,0,0,0,0,0,0,0,0,1,0,0,0,0,0,0,0,0,0,0,0,0,1,1,0,0,0,0,0,0,0,0,1,0,0,0,1,0,0.098552,0.19391,0.070832,0.305338,0.331368,rank
97,0,0,0,0,0,0,0,0,0,0,0,0,0,0,0,0,1,0,0,1,1,1,0,1,0,0,0,0,0,0,0,0,0,0,0,0,0,0,0,1,0,0,1,0,0,0,1,0,0.259942,0.004934,0.050432,0.297335,0.387357,rank
98,0,0,0,0,0,0,0,0,0,0,0,0,0,0,0,0,0,0,1,1,0,0,0,0,0,0,0,0,0,0,0,0,0,1,0,0,1,0,0,0,0,0,0,0,0,1,0,0,0.074946,0.05255,0.07818,0.14581,0.648513,rank
99,0,0,0,0,0,0,1,0,0,0,1,0,0,1,0,0,0,0,0,1,0,0,0,0,0,0,0,0,0,0,0,0,0,1,0,0,0,0,0,0,0,0,1,0,0,0,2,0,0.443905,0.385264,0.005706,0.076063,0.089062,rank
